_service,Адрес ДТП,Дата и время,Код СКДФ,Вид ДТП,Ранено,Погибло,Количество участников,Количество ТС,Система источник,Причины ДТП,_page
,"Октябрьский р-н
пр-кт Строителей",30.12.2024 в 23:50:00,337208503,Наезд на пешехода,1,1,1,1,Официальный сайт Госавтоинспекции,Нарушение правил проезда пешеходного перехода,1
,Варненский муниципальный район Варна - Лейпциг - ж/д станция Саламат,30.12.2024 в 23:30:00,337179699,Съезд с дороги,0,0,0,1,Официальный сайт Госавтоинспекции,Несоответствие скорости конкретным условиям движения,1
,"Октябрьский
ул Ульянова",30.12.2024 в 23:30:00,337179378,Столкновение,0,0,0,2,Официальный сайт Госавтоинспекции,Нарушение требований сигналов светофора; Несоблюдение очередности проезда,1
,"ИНДУСТРИАЛЬНЫЙ
ул Московская",30.12.2024 в 23:22:00,337194517,Иной вид ДТП,0,0,0,3,Официальный сайт Госавтоинспекции,Несоответствие скорости конкретным условиям движения,1
,"Смоленский район М-1 Беларусь Москва - граница с Республикой Беларусь (основное направление)
М-1 ""Беларусь"" Москва - граница с Республикой Беларусь(17+083 - 456+780)",30.12.2024 в 23:20:00,337198615,Наезд на пешехода,0,0,1,1,Официальный сайт Госавтоинспекции,Движение вдоль проезжей части попутного направления вне населенного пункта при удовлетворительном состоянии обочины,1
,"Калининский район
ул. 40-летия Победы",30.12.2024 в 23:16:00,337179679,Столкновение,0,0,0,3,Официальный сайт Госавтоинспекции,Нарушение требований сигналов светофора,1
,"Тобольский район Медведчикова-Малая Зоркальцева
Кутарбитка - Худякова",30.12.2024 в 23:15:00,337167795,Столкновение,0,0,0,4,Официальный сайт Госавтоинспекции,Выезд на полосу встречного движения,1
,"ПРОЛЕТАРСКИЙ
ул Вересаева",30.12.2024 в 23:10:00,337200366,Столкновение,0,0,0,3,Официальный сайт Госавтоинспекции,Несоблюдение очередности проезда,1
,"Городецкий район Городец - Зиняки - Кантаурово
Городец - Зиняки - Кантаурово",30.12.2024 в 23:10:00,337186433,Съезд с дороги,0,0,0,1,Официальный сайт Госавтоинспекции,Несоответствие скорости конкретным условиям движения,1
,"Николаевский район
ул. Маго-Рейд-Овсяное поле-Гырман",30.12.2024 в 23:00:00,337212455,Съезд с дороги,0,0,0,1,Официальный сайт Госавтоинспекции,Несоответствие скорости конкретным условиям движения,1
,"Ленинский район
ул Карла Либкнехта",30.12.2024 в 23:00:00,337195400,Столкновение,0,0,0,3,Официальный сайт Госавтоинспекции,Несоблюдение очередности проезда,1
,"МО МР Сысольский Визинга (Луч) - Горьковская
Визинга (Луч) - Горьковская",30.12.2024 в 23:00:00,337173277,Столкновение,0,0,0,5,Официальный сайт Госавтоинспекции,Выезд на полосу встречного движения,1
,"Дмитровский р-н А-104 Москва - Дмитров – Дубна
А-104 Москва - Дмитров - Дубна (23+750 - 123+382)",30.12.2024 в 22:55:00,337177590,Наезд на пешехода,1,1,1,1,Официальный сайт Госавтоинспекции,Переход через проезжую часть в неустановленном месте (при наличии в зоне видимости перекрёстка),1
,"г. Буйнакск
ул Имама Шамиля",30.12.2024 в 22:50:00,337191010,Столкновение,0,0,0,3,Официальный сайт Госавтоинспекции,Несоблюдение очередности проезда,1
,"Веневский район М-4 Дон, платные участки от Москвы через Воронеж, Ростов-на-Дону, Краснодар до Новороссийска
М-4 ""Дон"" Москва - Воронеж - Ростов-на-Дону - Краснодар - Новороссийск (20+650 - 1542+215)",30.12.2024 в 22:50:00,337176431,Наезд на пешехода,1,1,1,1,Официальный сайт Госавтоинспекции,Переход проезжей части в запрещённом месте (оборудованном пешеходными ограждениями),1
,"Красночетайский район СУРА
""Сура""",30.12.2024 в 22:46:00,337194060,Столкновение,0,0,0,4,Официальный сайт Госавтоинспекции,"Выезд на полосу встречного движения в местах, где это запрещено",1
,"ЗАТО Фокино
Крым - Дунай",30.12.2024 в 22:40:00,337191629,Съезд с дороги,0,0,0,3,Официальный сайт Госавтоинспекции,Выезд на полосу встречного движения,1
,"Парфинский
ул Карла Маркса",30.12.2024 в 22:30:00,337181444,Наезд на пешехода,0,0,1,1,Официальный сайт Госавтоинспекции,Нарушение правил проезда пешеходного перехода,1
,"Шацкий район автомобильная дорога М-5 Урал на участке км 349+380 - км 366+832
автомобильная дорога М-5 ""Урал"" Москва - Рязань - Пенза - Самара - Уфа - Челябинск на участке км 349+380 - км 366+832",30.12.2024 в 22:30:00,337175243,Столкновение,0,0,0,2,Официальный сайт Госавтоинспекции,Неправильный выбор дистанции,1
,"Павловский район М-4 Дон, платные участки от Москвы через Воронеж, Ростов-на-Дону, Краснодар до Новороссийска
М-4 ""Дон"" Москва - Воронеж - Ростов-на-Дону - Краснодар - Новороссийск (20+650 - 1542+215)",30.12.2024 в 22:25:00,337169514,Столкновение,0,0,0,3,Официальный сайт Госавтоинспекции,Неправильный выбор дистанции,1
,"г.Петрозаводск
ул Черняховского",30.12.2024 в 22:15:00,337209254,Столкновение,0,0,0,2,Официальный сайт Госавтоинспекции,Нарушение требований дорожных знаков; Несоблюдение очередности проезда,1
,"ЦЕНТРАЛЬНЫЙ
пр-кт Калинина",30.12.2024 в 22:15:00,337165770,Столкновение,0,0,0,4,Официальный сайт Госавтоинспекции,Несоответствие скорости конкретным условиям движения,1
,"Московский район
Дорога от ул. Интернациональная д. N 16В до ул. Станкозаводская д. N 30",30.12.2024 в 22:04:00,337175253,Наезд на пешехода,0,0,1,1,Официальный сайт Госавтоинспекции,Нарушение правил проезда пешеходного перехода,1
,"Кабанский р-н
ул Центральная",30.12.2024 в 22:00:00,337193291,Съезд с дороги,0,0,0,1,Официальный сайт Госавтоинспекции,Несоответствие скорости конкретным условиям движения,1
,"ПЛЮССКИЙ РАЙОН ЗАПОЛЬЕ-ГДОВ
Заполье - Гдов",30.12.2024 в 22:00:00,337185433,Опрокидывание,0,0,0,1,Официальный сайт Госавтоинспекции,Несоответствие скорости конкретным условиям движения,1
,"Сланцевский р-н Сижно - Будилово - Осьмино
Сижно - Будилово - Осьмино",30.12.2024 в 21:49:00,337202058,Съезд с дороги,0,0,0,2,Официальный сайт Госавтоинспекции,Несоответствие скорости конкретным условиям движения,1
,"Энгельский р-н
ул Ленина",30.12.2024 в 21:45:00,337203553,Наезд на препятствие,0,0,0,3,Официальный сайт Госавтоинспекции,Несоответствие скорости конкретным условиям движения,1
,Одинцовский р-н МОСКВА-МИНСК-КОКОШКИНО,30.12.2024 в 21:45:00,337177569,Столкновение,0,0,0,3,Официальный сайт Госавтоинспекции,Несоблюдение очередности проезда,1
,"Центральный
Курск - п. Искра",30.12.2024 в 21:40:00,337196897,Наезд на препятствие,1,1,0,1,Официальный сайт Госавтоинспекции,Нарушение правил расположения ТС на проезжей части,1
,"Устюженский А-114 Вологда - Тихвин - автомобильная дорога Р-21 Кола (основное направление)
А-114 Вологда - Тихвин - автомобильная дорога Р-21 ""Кола"" (4+593 - 330+513)",30.12.2024 в 21:38:00,337192688,Съезд с дороги,0,0,0,2,Официальный сайт Госавтоинспекции,Несоответствие скорости конкретным условиям движения,1
,"Волжский р-н Самара - Волгоград - Новокуйбышевск 1
""Самара - Волгоград"" - г Новокуйбышевск",30.12.2024 в 21:35:00,337166299,Наезд на пешехода,0,0,1,1,Официальный сайт Госавтоинспекции,Нарушение правил расположения ТС на проезжей части,1
,"Энгельский р-н автоподъезд к г. Энгельсу от автомобильной дороги Сызрань - Саратов - Волгоград - Пристанное - Ерш
автоподъезд к г. Энгельс от автомобильной дороги ""Р-208 ""Тамбов - Пенза"" - Саратов - Пристанное - Ершов - Озинки - граница с Республикой Казахстан""",30.12.2024 в 21:30:00,337203523,Столкновение,0,0,0,3,Официальный сайт Госавтоинспекции,Выезд на полосу встречного движения,1
,"Спировский М-11 Нева Москва - Санкт-Петербург (основное направление)
М-11 ""Нева"" Москва - Санкт-Петербург, включая Софийскую транспортную развязку (146+926 - 684+200)",30.12.2024 в 21:23:00,337165760,Наезд на препятствие,0,0,0,2,Официальный сайт Госавтоинспекции,Нарушение правил расположения ТС на проезжей части,1
,"Тимский ТИМ-КИРОВКА-2-Я КАМЕНКА
Тим - Кировка - 2-я Каменка",30.12.2024 в 21:20:00,337196900,Опрокидывание,0,0,0,4,Официальный сайт Госавтоинспекции,,1
,"Дмитровский р-н ПОДОСИНКИ-БАТЮШКОВО-ИЛЬИНСКОЕ
Подосинки - Батюшково - Ильинское",30.12.2024 в 21:20:00,337177561,Наезд на пешехода,0,0,1,1,Официальный сайт Госавтоинспекции,Несоответствие скорости конкретным условиям движения,1
,"Рассказово Тамбов-Пенза*-Рассказово-Уварово-Мучкапский
ул 8 Марта",30.12.2024 в 21:10:00,337213900,Столкновение,0,0,0,2,Официальный сайт Госавтоинспекции,Несоблюдение очередности проезда,1
,"Заднепровский район
ул Ново-Московская",30.12.2024 в 21:10:00,337198597,Столкновение,0,0,0,3,Официальный сайт Госавтоинспекции,Несоблюдение очередности проезда,1
,"Калининский район
пр-кт Тракторостроителей",30.12.2024 в 21:10:00,337194052,Столкновение,0,0,0,4,Официальный сайт Госавтоинспекции,Нарушение требований сигналов светофора,1
,"Центральный округ
ул Поселковая",30.12.2024 в 21:05:00,337169095,Столкновение,0,0,0,2,Официальный сайт Госавтоинспекции,Нарушение требований сигналов светофора,1
,"Центральный район
пр-т Свердловский",30.12.2024 в 21:03:00,337179689,Столкновение,0,0,0,2,Официальный сайт Госавтоинспекции,Нарушение требований сигналов светофора,1
,"Затеречный
ул.Гагарина (от пр.Коста до ул.Кырджалийская)",30.12.2024 в 21:00:00,337220071,Наезд на пешехода,0,0,1,1,Официальный сайт Госавтоинспекции,Нарушение правил проезда пешеходного перехода,1
,"Трусовский район
пр-кт Бумажников",30.12.2024 в 21:00:00,337212966,Наезд на пешехода,0,0,1,1,Официальный сайт Госавтоинспекции,Нарушение правил проезда пешеходного перехода,1
,"Магарамкентский район Магарамкент-Ахты-Рутул
ул Ленина с. Магарамкент",30.12.2024 в 21:00:00,337191016,Съезд с дороги,1,1,0,1,Официальный сайт Госавтоинспекции,,1
,"Торжокский М-10 Россия Москва - Тверь - Великий Новгород - Санкт-Петербург (основное направление)
М-10 ""Россия"" Москва - Тверь - Великий Новгород - Санкт-Петербург (108+400 - 362+020)",30.12.2024 в 21:00:00,337165764,Столкновение,0,0,0,2,Официальный сайт Госавтоинспекции,Выезд на полосу встречного движения,1
,"Кимрский ДУБНА-КИМРЫ-ГОРИЦЫ
Дубна - Кимры - Горицы",30.12.2024 в 20:58:00,337165778,Наезд на пешехода,0,0,1,1,Официальный сайт Госавтоинспекции,Нахождение на проезжей части без цели её перехода,1
,"Сосновский муниципальный район
ул Свердловская",30.12.2024 в 20:50:00,337179644,Столкновение,0,0,0,2,Официальный сайт Госавтоинспекции,Нарушение требований дорожных знаков,1
,"Белогорский район
Переулок Центральный",30.12.2024 в 20:47:00,337174017,Столкновение,0,0,0,2,Официальный сайт Госавтоинспекции,Несоблюдение очередности проезда,1
,"Одинцовский р-н МОСКВА-БОРОДИНО
Можайское шоссе (Одинцовский район)",30.12.2024 в 20:45:00,337177565,Наезд на пешехода,0,0,1,1,Официальный сайт Госавтоинспекции,Нарушение правил проезда пешеходного перехода,1
,Октябрьский район г. Уфа,30.12.2024 в 20:42:00,337181760,Наезд на препятствие,0,0,0,1,Официальный сайт Госавтоинспекции,Нарушение правил расположения ТС на проезжей части,1
,Кумторкалинский район Махачкала-Буйнакск-Леваши-В.Гуниб,30.12.2024 в 20:40:00,337191019,Столкновение,0,0,0,6,Официальный сайт Госавтоинспекции,"Выезд на полосу встречного движения в местах, где это запрещено",1
,"Шатурский р-н КРИВАНДИНО-РОШАЛЬ-МИШЕРОНЬ
""Кривандино - Рошаль"" - Мишеронский",30.12.2024 в 20:40:00,337177585,Съезд с дороги,0,0,0,3,Официальный сайт Госавтоинспекции,Несоответствие скорости конкретным условиям движения,1
,"Брасовский район М-3 Украина Москва - Калуга - Брянск - граница с Украиной (основное направление)
М-3 « Украина» Москва - Калуга - Брянск - граница с Украиной (65+200 - 519+868)",30.12.2024 в 20:40:00,337165542,Съезд с дороги,0,0,0,1,Официальный сайт Госавтоинспекции,Несоответствие скорости конкретным условиям движения,1
,"ИНДУСТРИАЛЬНЫЙ
ул Малахова",30.12.2024 в 20:30:00,337194507,Наезд на пешехода,0,0,1,1,Официальный сайт Госавтоинспекции,Нарушение правил проезда пешеходного перехода,1
,"Сызрань
ул Рабочая",30.12.2024 в 20:17:00,337166284,Наезд на препятствие,0,0,0,3,Официальный сайт Госавтоинспекции,Нарушение правил расположения ТС на проезжей части,1
,"Чеди-Хольский район ПОДЪЕЗД К С.АК-ТАЛ
Подъезд к с. Ак-Тал (км 0+000 - км 18+520)",30.12.2024 в 20:13:00,337192492,Столкновение,0,0,0,6,Официальный сайт Госавтоинспекции,Выезд на полосу встречного движения,1
,"Уссурийский ГО
ул Щорса",30.12.2024 в 20:10:00,337191640,Наезд на пешехода,0,0,1,1,Официальный сайт Госавтоинспекции,Непредоставление преимущества в движении пешеходу,1
,"Ардатовский район Ардатов - Дивеево
Ардатов - Дивеево",30.12.2024 в 20:10:00,337186480,Съезд с дороги,0,0,0,3,Официальный сайт Госавтоинспекции,Несоответствие скорости конкретным условиям движения,1
,"Минераловодский район
ул Кисловодская",30.12.2024 в 20:10:00,337170831,Наезд на пешехода,0,0,1,1,Официальный сайт Госавтоинспекции,Переход через проезжую часть в неустановленном месте (при наличии в зоне видимости перекрёстка),1
,"Красноглинский р-н Красноглинское шоссе (от моста через р. Сок до Волжского шоссе)
ул Жигули",30.12.2024 в 20:10:00,337166295,Наезд на пешехода,0,0,1,1,Официальный сайт Госавтоинспекции,Неподчинение сигналам регулирования,1
,Холмогорский округ М-8 Холмогоры Москва - Ярославль - Вологда – Архангельск (основное направление),30.12.2024 в 20:00:00,337215126,Столкновение,0,0,0,3,Официальный сайт Госавтоинспекции,Несоответствие скорости конкретным условиям движения,1
,"Каменский р-н КАМЕНКА-ПАЧЕЛМА
ул Ленина",30.12.2024 в 20:00:00,337208478,Столкновение,0,0,0,3,Официальный сайт Госавтоинспекции,"Выезд на полосу встречного движения в местах, где это запрещено; Несоответствие скорости конкретным условиям движения",1
,"Кировский р-н
проезд Мышкинский",30.12.2024 в 19:58:00,337196044,Наезд на препятствие,0,0,0,2,Официальный сайт Госавтоинспекции,Нарушение правил расположения ТС на проезжей части,1
,"Новосавиновский р-н
ул Мусина, д. 68а,ул Маршала Чуйкова, д. 25 (внутриквартальный проезд)",30.12.2024 в 19:50:00,337216700,Наезд на пешехода,0,0,1,1,Официальный сайт Госавтоинспекции,"Несоблюдение условий, разрешающих движение транспорта задним ходом",1
,"Кировский
ул Проезжая",30.12.2024 в 19:50:00,337209779,Столкновение,0,0,0,3,Официальный сайт Госавтоинспекции,Нарушение правил обгона,1
,"Автозаводский р-н Обводное шоссе г.Тольятти
Обводное шоссе г. Тольятти",30.12.2024 в 19:50:00,337166250,Столкновение,0,0,0,3,Официальный сайт Госавтоинспекции,Неправильный выбор дистанции,1
,"Чкаловский
ул Лучистая",30.12.2024 в 19:41:00,337209775,Наезд на пешехода,0,0,1,1,Официальный сайт Госавтоинспекции,Нарушение требований сигналов светофора,1
,"Красногвардейский район Симферополь - Красноперекопск - граница с Херсонской областью
Симферополь - Красноперекопск - граница с Херсонской областью",30.12.2024 в 19:40:00,337214461,Столкновение,1,1,0,2,Официальный сайт Госавтоинспекции,Неправильный выбор дистанции,1
,"Г.СОЧИ
улица Иджеванская",30.12.2024 в 19:35:00,337205829,Столкновение,0,0,0,5,Официальный сайт Госавтоинспекции,Выезд на полосу встречного движения; Несоответствие скорости конкретным условиям движения,1
,"г Новгород
ул Рабочая",30.12.2024 в 19:30:00,337181463,Наезд на пешехода,0,0,1,1,Официальный сайт Госавтоинспекции,Нарушение правил проезда пешеходного перехода,1
,Миасский городской округ,30.12.2024 в 19:20:00,337179685,Наезд на пешехода,0,0,1,1,Официальный сайт Госавтоинспекции,Переход через проезжую часть в неустановленном месте (при наличии в зоне видимости перекрёстка),1
,"Красносельский район
ш Петергофское (от пр Маршала Жукова до Санкт- Петербургского шоссе)",30.12.2024 в 19:10:00,337189251,Наезд на пешехода,0,0,1,1,Официальный сайт Госавтоинспекции,Нахождение на проезжей части без цели её перехода,1
,"Курчатовский район
ул. Каслинская",30.12.2024 в 19:10:00,337179694,Столкновение,0,0,0,2,Официальный сайт Госавтоинспекции,Несоблюдение очередности проезда,1
,"Кировский р-н
ш Ракитовское",30.12.2024 в 19:10:00,337166289,Столкновение,0,0,0,3,Официальный сайт Госавтоинспекции,Несоблюдение очередности проезда,1
,"Кировский р-н
ул Алма-Атинская",30.12.2024 в 19:10:00,337166269,Столкновение,0,0,0,2,Официальный сайт Госавтоинспекции,Несоблюдение очередности проезда,1
,"Ворошиловский район
ул им Елисеева",30.12.2024 в 19:00:00,337198994,Столкновение,0,0,0,5,Официальный сайт Госавтоинспекции,Нарушение требований сигналов светофора,1
,"Шелеховский район Р-258 Байкал Иркутск - Улан-Удэ - Чита (основное направление)
Р-258 ""Байкал"" Иркутск - Улан-Удэ - Чита (26+000 - 100+000)",30.12.2024 в 19:00:00,337172197,Падение груза,0,0,0,5,Официальный сайт Госавтоинспекции,Нарушение правил расположения ТС на проезжей части,1
,"Бежецкий
Тверь - Бежецк - Весьегонск - Устюжна",30.12.2024 в 18:59:00,337165786,Наезд на пешехода,0,0,1,1,Официальный сайт Госавтоинспекции,Нарушение правил проезда пешеходного перехода,1
,"Кировский район
ул Свердлова",30.12.2024 в 18:55:00,337212974,Наезд на пешехода,0,0,1,1,Официальный сайт Госавтоинспекции,Переход через проезжую часть в неустановленном месте (при наличии в зоне видимости перекрёстка),1
,"Полевской
ул Вершинина",30.12.2024 в 18:55:00,337209785,Столкновение,0,0,0,2,Официальный сайт Госавтоинспекции,Выезд на полосу встречного движения,1
,"Коломенский р-н КОЛОМНА-ОЗЕРЫ-ЗАРЕЧНЫЙ
""Коломна - Озеры"" - Заречный",30.12.2024 в 18:53:00,337177557,Наезд на пешехода,1,1,1,1,Официальный сайт Госавтоинспекции,Иные нарушения,1
,"Тимский
""Курск - Борисоглебск"" - Барковка",30.12.2024 в 18:50:00,337196906,Съезд с дороги,0,0,0,1,Официальный сайт Госавтоинспекции,,2
,"Ленинский район Р-132 Золотое кольцо, западное соединение с М-7
Р-132 ""Золотое кольцо"" Ярославль - Кострома - Иваново - Владимир - Гусь-Хрустальный - Рязань - Михайлов - Тула - Калуга - Вязьма – Ржев -Тверь - Углич – Ярославль, Западное соединение с М-7 «Волга» (0+000 – 20+725)",30.12.2024 в 18:40:00,337174437,Наезд на стоящее ТС,0,0,0,1,Официальный сайт Госавтоинспекции,Несоответствие скорости конкретным условиям движения,2
,Город Адыгейск М-4 Дон Москва - Воронеж - Ростов-на-Дону - Краснодар – Новороссийск (основное направление),30.12.2024 в 18:35:00,337196713,Наезд на пешехода,1,1,1,1,Официальный сайт Госавтоинспекции,Переход через проезжую часть вне пешеходного перехода в зоне его видимости либо при наличии в непосредственной близости подземного (надземного) пешеходного перехода,2
,"Красносельский район А-118 Кольцевая автомобильная дорога вокруг Санкт-Петербурга
А-118 Кольцевая автомобильная дорога вокруг г. Санкт-Петербурга (0-381 - 115+527)",30.12.2024 в 18:33:00,337189242,Столкновение,0,0,0,2,Официальный сайт Госавтоинспекции,Неправильный выбор дистанции,2
,"Заволжский р-н
ул Урочская",30.12.2024 в 18:32:00,337196048,Наезд на пешехода,0,0,1,1,Официальный сайт Госавтоинспекции,Переход через проезжую часть в неустановленном месте (при наличии в зоне видимости перекрёстка),2
,"Гурьевский муниципальный округ
ул Суворова",30.12.2024 в 18:30:00,337183049,Столкновение,0,0,0,2,Официальный сайт Госавтоинспекции,Нарушение правил расположения ТС на проезжей части,2
,"Ленинский АО г.Тюмени
ул Тополиная",30.12.2024 в 18:28:00,337167802,Столкновение,0,0,0,3,Официальный сайт Госавтоинспекции,Несоблюдение очередности проезда,2
,"Индустриальный
ул Архитектора Свиязева",30.12.2024 в 18:24:00,337204713,Наезд на пешехода,0,0,1,1,Официальный сайт Госавтоинспекции,Нарушение правил проезда пешеходного перехода,2
,"Пролетарский
ул Веселовского",30.12.2024 в 18:21:00,337179373,Наезд на пешехода,0,0,2,1,Официальный сайт Госавтоинспекции,Нарушение правил проезда пешеходного перехода,2
,"Г.НОВОРОССИЙСК А-290 Новороссийск - Керчь
А-290 Новороссийск -Керчь (3+409 - 42+000)",30.12.2024 в 18:20:00,337205842,Наезд на пешехода,1,1,1,1,Официальный сайт Госавтоинспекции,Переход через проезжую часть в неустановленном месте (при наличии в зоне видимости перекрёстка),2
,Краснофлотский район,30.12.2024 в 18:11:00,337212449,Столкновение,0,0,0,3,Официальный сайт Госавтоинспекции,Несоблюдение очередности проезда,2
,"Фрунзенский
ул Алеутская",30.12.2024 в 18:10:00,337191644,Наезд на пешехода,0,0,1,1,Официальный сайт Госавтоинспекции,Нарушение правил проезда пешеходного перехода,2
,"Центральный АО
ул Северная 24-я",30.12.2024 в 18:10:00,337183994,Столкновение,0,0,0,4,Официальный сайт Госавтоинспекции,Несоблюдение очередности проезда,2
,"Левокумский район А-167 Кочубей - Нефтекумск - Зеленокумск - Минеральные Воды (основное направление)
А-167 Кочубей - Нефтекумск - Зеленокумск - Минеральные Воды (95+830 - 349+330)",30.12.2024 в 18:10:00,337170827,Наезд на пешехода,0,0,1,1,Официальный сайт Госавтоинспекции,Непредоставление преимущества в движении пешеходу,2
,"Автозаводский р-н
Автодорога по улице Тополиной",30.12.2024 в 18:10:00,337166261,Наезд на пешехода,1,1,1,3,Официальный сайт Госавтоинспекции,Нарушение требований сигналов светофора,2
,"Волжский
ул Мира",30.12.2024 в 18:05:00,337198990,Наезд на пешехода,1,1,1,1,Официальный сайт Госавтоинспекции,Нарушение правил расположения ТС на проезжей части; Переход через проезжую часть вне пешеходного перехода в зоне его видимости либо при наличии в непосредственной близости подземного (надземного) пешеходного перехода,2
,"Советский район
ул Болдина",30.12.2024 в 18:05:00,337176425,Наезд на пешехода,1,1,1,2,Официальный сайт Госавтоинспекции,Переход через проезжую часть вне пешеходного перехода в зоне его видимости либо при наличии в непосредственной близости подземного (надземного) пешеходного перехода,2
,Симферополь,30.12.2024 в 18:00:00,337214456,Столкновение,0,0,0,2,Официальный сайт Госавтоинспекции,Выезд на полосу встречного движения,2
,"г. Дудинка
Автодорога",30.12.2024 в 18:00:00,337211019,Столкновение,0,0,0,2,Официальный сайт Госавтоинспекции,Выезд на полосу встречного движения,2
,"Г.СОЧИ А-149 Адлер - Красная Поляна, старое направление
улица Костромская",30.12.2024 в 18:00:00,337205837,Столкновение,0,0,0,2,Официальный сайт Госавтоинспекции,Несоблюдение очередности проезда,2
,"Чайковский Кукуштан - Чайковский
Кукуштан - Чайковский",30.12.2024 в 18:00:00,337204730,Столкновение,0,0,0,5,Официальный сайт Госавтоинспекции,Несоблюдение очередности проезда,2
,"Дергачевкий р-н автомобильная дорога Дергачи - Алтата - Орошаемый - Сафаровка
""Дергачи - Алтата - Орошаемый - Сафаровка""",30.12.2024 в 18:00:00,337203544,Наезд на пешехода,0,0,1,1,Официальный сайт Госавтоинспекции,Нарушение правил расположения ТС на проезжей части,2
,"Вологодский
Кузнецовка - Большое Село - Антоново",30.12.2024 в 18:00:00,337192692,Столкновение,0,0,0,3,Официальный сайт Госавтоинспекции,Несоответствие скорости конкретным условиям движения,2
,"Коломенский р-н ЧЕРКИЗОВО-НЕПЕЦИНО-ШКИНЬ
Коломна - Черкизово - Непецино - Шкинь",30.12.2024 в 18:00:00,337177612,Столкновение,2,2,0,3,Официальный сайт Госавтоинспекции,Несоответствие скорости конкретным условиям движения,2
,"БЕЖАНИЦКИЙ РАЙОН ПУШКИНСКИЕ ГОРЫ-ЛОКНЯ
Пушкинские Горы - Локня",30.12.2024 в 17:57:00,337185439,Наезд на стоящее ТС,0,0,1,1,Официальный сайт Госавтоинспекции,Нахождение на проезжей части без цели её перехода,2
,"Чудовский М-10 Россия Москва - Тверь - Великий Новгород - Санкт-Петербург (основное направление)
М-10 ""Россия"" Москва - Тверь - Великий Новгород - Санкт-Петербург (362+020 - 592+700)",30.12.2024 в 17:53:00,337181452,Столкновение,0,0,0,7,Официальный сайт Госавтоинспекции,Выезд на полосу встречного движения,2
,"МО ГО Сыктывкар
ул Орджоникидзе",30.12.2024 в 17:53:00,337173290,Столкновение,0,0,0,3,Официальный сайт Госавтоинспекции,Несоблюдение очередности проезда,2
,"Октябрьский район
Ул. Восход - Октябрьский мост - пр. Карла Маркса - ул. Титова",30.12.2024 в 17:50:00,337215427,Столкновение,0,0,0,3,Официальный сайт Госавтоинспекции,"Выезд на полосу встречного движения в местах, где это запрещено",2
,"Кинешемский
ул Гагарина",30.12.2024 в 17:50:00,337213397,Наезд на пешехода,0,0,1,1,Официальный сайт Госавтоинспекции,Переход через проезжую часть вне пешеходного перехода в зоне его видимости либо при наличии в непосредственной близости подземного (надземного) пешеходного перехода,2
,"Балаковский р-н Р-228, подъезд к Балаковской АЭС, км 0+000 - км 29+400
Р-228 Сызрань - Саратов - Волгоград (0+000 - 29+486)",30.12.2024 в 17:50:00,337203529,Столкновение,0,0,0,2,Официальный сайт Госавтоинспекции,Неправильный выбор дистанции,2
,"Первомайский район Первомайск - а/д Выездное - Дивеево - Сатис
Первомайск - а/д Выездное - Дивеево - Сатис",30.12.2024 в 17:50:00,337186427,Столкновение,0,0,0,3,Официальный сайт Госавтоинспекции,Выезд на полосу встречного движения; Превышение установленной скорости движения,2
,"Фрунзенский район
ул Фучика (от Белградской ул до Софийской ул)",30.12.2024 в 17:45:00,337189247,Падение пассажира,0,0,0,2,Официальный сайт Госавтоинспекции,Нарушение правил пользования общественным транспортом,2
,"МО ГО Сыктывкар
Подъезд к промышленному узлу ""Дырносский""",30.12.2024 в 17:45:00,337173313,Столкновение,0,0,0,3,Официальный сайт Госавтоинспекции,Выезд на полосу встречного движения,2
,"Иссинский р-н Р-158 Нижний Новгород - Арзамас - Саранск - Исса - Пенза - Саратов
Р-158 Нижний Новгород - Арзамас - Саранск - Исса - Пенза - Саратов (320+900 - 516+100)",30.12.2024 в 17:44:00,337208497,Столкновение,1,1,0,2,Официальный сайт Госавтоинспекции,Выезд на полосу встречного движения,2
,"ПСКОВСКИЙ РАЙОН Псков-Гдов-Сланцы-Кингисепп-Куземкино-Краколье
Псков - Гдов - Сланцы - Кингисепп - Краколье",30.12.2024 в 17:40:00,337185453,Наезд на пешехода,0,0,1,1,Официальный сайт Госавтоинспекции,Переход через проезжую часть в неустановленном месте (при наличии в зоне видимости перекрёстка),2
,"Тимский Р-298 Курск - Воронеж - автомобильная дорога Р-22 Каспий
Р-298 Курск - Воронеж - автомобильная дорога Р-22 ""Каспий"" (9+200 - 152+595)",30.12.2024 в 17:31:00,337196892,Столкновение,0,0,0,2,Официальный сайт Госавтоинспекции,Выезд на полосу встречного движения,2
,"г. Обнинск
Автодорога по пр Ленина",30.12.2024 в 17:30:00,337218948,Наезд на пешехода,0,0,1,1,Официальный сайт Госавтоинспекции,Нарушение правил проезда пешеходного перехода,2
,"Гагаринский район
5 км Балаклавского шоссе - мыс Фиолент",30.12.2024 в 17:30:00,337218137,Наезд на пешехода,0,0,1,1,Официальный сайт Госавтоинспекции,"Несоблюдение условий, разрешающих движение транспорта задним ходом",2
,"Приволжский район Автодорога Волгоград - Астрахань
Волгоград - Астрахань",30.12.2024 в 17:30:00,337212957,Столкновение,0,0,0,2,Официальный сайт Госавтоинспекции,,2
,"ЛАБИНСКИЙ
Р-217 ""Кавказ"" автомобильная дорога М-4 ""Дон""-Владикавказ-Грозный-Махачкала - граница с Азербайджанской Республикой (Подъезд к г. Майкоп (от км 164) (0+050 - 43+664)",30.12.2024 в 17:30:00,337205851,Столкновение,0,0,0,3,Официальный сайт Госавтоинспекции,Нарушение требований дорожных знаков,2
,"Московский район
Сормовское шоссе от Московского шоссе до ул 50-летия Победы",30.12.2024 в 17:30:00,337186449,Столкновение,0,0,0,2,Официальный сайт Госавтоинспекции,Неправильный выбор дистанции,2
,Ливенский р-н,30.12.2024 в 17:30:00,337175821,Наезд на пешехода,1,1,1,1,Официальный сайт Госавтоинспекции,Несоответствие скорости конкретным условиям движения,2
,"г. Ставрополь
ул Л.Толстого",30.12.2024 в 17:30:00,337170842,Наезд на пешехода,0,0,1,1,Официальный сайт Госавтоинспекции,Нарушение правил проезда пешеходного перехода,2
,"Всеволожский р-н Участок А-181 Скандинавия, Магистральная
А-181 ""Скандинавия"" Санкт-Петербург - Выборг - граница с Финляндской Республикой («Магистральная» от Р-21«Кола» через А-121 «Сортавала» до А-181) (км 0+000 – км 123+750)",30.12.2024 в 17:25:00,337202084,Наезд на пешехода,1,1,1,1,Официальный сайт Госавтоинспекции,Нахождение на проезжей части без цели её перехода; Несоответствие скорости конкретным условиям движения,2
,"Черняховский район
А–229 Калининград – Черняховск – Нестеров – граница с Литовской Республикой (8+000 - 150+400)",30.12.2024 в 17:20:00,337219501,Наезд на пешехода,0,0,1,2,Официальный сайт Госавтоинспекции,Нарушение правил проезда пешеходного перехода,2
,"ЕГОРЛЫКСКИЙ ст. Егорлыкская– ст. Новороговская – ст. Плоская (до границы Краснодарского края)
ст. Егорлыкская - ст. Новороговская - ст. Плоская (до границы Краснодарского края)",30.12.2024 в 17:20:00,337200389,Съезд с дороги,0,0,0,1,Официальный сайт Госавтоинспекции,Превышение установленной скорости движения,2
,"Заволжский
пр-кт Туполева",30.12.2024 в 17:15:00,337198174,Столкновение,0,0,0,3,Официальный сайт Госавтоинспекции,Несоблюдение очередности проезда,2
,"Ленинский район
Ленина пр (боковая дорога вдоль пр Ленина по нечетной стороне пр Ленина — ул Дружбы до ул Норильская)",30.12.2024 в 17:10:00,337186466,Наезд на пешехода,0,0,1,1,Официальный сайт Госавтоинспекции,Выезд на полосу встречного движения; Нарушение правил проезда пешеходного перехода,2
,"Тамбов
ул. Агапкина (от ул. Мичуринской до ул. Рылеева)",30.12.2024 в 16:50:00,337213896,Падение пассажира,0,0,0,2,Официальный сайт Госавтоинспекции,Невыполнение требований обеспечения безопасности при начале движения,2
,"ГЕЛЕНДЖИК (РАЙОН)
ул Революционная",30.12.2024 в 16:50:00,337205808,Наезд на пешехода,0,0,1,1,Официальный сайт Госавтоинспекции,Превышение установленной скорости движения,2
,"Люберецкий р-н
ш Новорязанское",30.12.2024 в 16:50:00,337177595,Столкновение,0,0,0,6,Официальный сайт Госавтоинспекции,Несоответствие скорости конкретным условиям движения,2
,"Раменский р-н А-107 Московское малое кольцо Икша - Ногинск - Бронницы - Голицыно - Истра - Икша
А-107 ""Московское малое кольцо"" Икша - Ногинск - Бронницы - Голицыно - Истра - Икша (0+000 - 238+526)",30.12.2024 в 16:50:00,337177543,Столкновение,1,1,0,5,Официальный сайт Госавтоинспекции,"Выезд на полосу встречного движения в местах, где это запрещено; Нарушение правил обгона; Нарушение требований линий разметки",2
,"Октябрьский район
ул Красина",30.12.2024 в 16:45:00,337215408,Столкновение,0,0,0,2,Официальный сайт Госавтоинспекции,Нарушение правил расположения ТС на проезжей части,2
,"Черноморский район
ул Рабочая",30.12.2024 в 16:40:00,337214482,Наезд на препятствие,1,1,0,1,Официальный сайт Госавтоинспекции,Несоответствие скорости конкретным условиям движения,2
,Никольский Тотьма-Никольск,30.12.2024 в 16:40:00,337192698,Съезд с дороги,0,0,0,1,Официальный сайт Госавтоинспекции,Несоответствие скорости конкретным условиям движения,2
,"Октябрьский р-н
3-й Детский пр.",30.12.2024 в 16:38:00,337203513,Наезд на пешехода,0,0,1,1,Официальный сайт Госавтоинспекции,Переход через проезжую часть вне пешеходного перехода в зоне его видимости либо при наличии в непосредственной близости подземного (надземного) пешеходного перехода,2
,"г.Кольчугино
ул Добровольского",30.12.2024 в 16:35:00,337174442,Наезд на препятствие,0,0,0,2,Официальный сайт Госавтоинспекции,Несоответствие скорости конкретным условиям движения,2
,"БЕЛГОРОД
ул Красноармейская",30.12.2024 в 16:33:00,337220618,Столкновение,1,1,0,4,Официальный сайт Госавтоинспекции,Неправильный выбор дистанции,2
,"Засвияжский
ул Отрадная (от ул Рябикова до ул Шолмова)",30.12.2024 в 16:30:00,337198180,Наезд на стоящее ТС,0,0,0,4,Официальный сайт Госавтоинспекции,Нарушение правил расположения ТС на проезжей части,2
,"Череповец
ул Чайковского",30.12.2024 в 16:30:00,337192732,Столкновение,0,0,0,2,Официальный сайт Госавтоинспекции,Несоблюдение очередности проезда,2
,"Воротынский район М-7 Волга Москва - Владимир - Нижний Новгород - Казань (основное направление)
М-7 ""Волга"" Москва - Владимир - Нижний Новгород - Казань (442+796 - 573+790)",30.12.2024 в 16:30:00,337186443,Съезд с дороги,0,0,0,4,Официальный сайт Госавтоинспекции,Выезд на полосу встречного движения; Несоответствие скорости конкретным условиям движения,2
,"Сокольский СОКОЛ-ХАРОВСК-ВОЖЕГА
Сокол — Харовск — Вожега",30.12.2024 в 16:25:00,337192701,Столкновение,0,0,0,4,Официальный сайт Госавтоинспекции,Несоответствие скорости конкретным условиям движения,2
,"Первомайский район
ул Казанская",30.12.2024 в 16:23:00,337195415,Наезд на пешехода,0,0,1,1,Официальный сайт Госавтоинспекции,Нарушение правил проезда пешеходного перехода,2
,"Сегежский р-н Р-21 Кола Санкт-Петербург - Петрозаводск - Мурманск - Печенга - граница с Королевством Норвегия (основное направление)
Р-21 ""Кола"" Санкт-Петербург - Петрозаводск - Мурманск - Печенга - граница с Королевством Норвегия (км 259+390 - км 1070+806)",30.12.2024 в 16:20:00,337209245,Столкновение,1,1,0,6,Официальный сайт Госавтоинспекции,Несоответствие скорости конкретным условиям движения,2
,"Городищенский район Р-228 Сызрань - Саратов - Волгоград
Р-228 Сызрань - Саратов - Волгоград (446+636 - 672+387)",30.12.2024 в 16:20:00,337198984,Столкновение,0,0,0,3,Официальный сайт Госавтоинспекции,Нарушение правил расположения ТС на проезжей части,2
,"Мирнинский
ул Ленина",30.12.2024 в 16:20:00,337197578,Столкновение,0,0,0,4,Официальный сайт Госавтоинспекции,Несоблюдение очередности проезда,2
,"Адыге-Хабльский р-н Р-217 Кавказ, подъезд к городу Черкесск
Р-217 ""Кавказ"" автомобильная дорога М-4 ""Дон"" - Владикавказ - Грозный - Махачкала - граница с Азербайджанской Республикой, Подъезд к г.Черкесск (27+321 - 63+000)",30.12.2024 в 16:18:00,337181273,Наезд на препятствие,0,0,0,1,Официальный сайт Госавтоинспекции,Несоответствие скорости конкретным условиям движения,2
,"Лабытнанги
ул Обская",30.12.2024 в 16:12:00,337176214,Столкновение,0,0,1,4,Официальный сайт Госавтоинспекции,Несоблюдение очередности проезда,2
,"Советский
ул Сарментовой",30.12.2024 в 16:10:00,337213401,Столкновение,0,0,0,3,Официальный сайт Госавтоинспекции,Несоблюдение очередности проезда,2
,"г.Петрозаводск ад Кола, 435 км Петрозаводск
Кола, км 435 - Петрозаводск",30.12.2024 в 16:10:00,337209233,Столкновение,0,0,0,3,Официальный сайт Госавтоинспекции,Несоответствие скорости конкретным условиям движения,2
,"Жигулевск
ул Морквашинская",30.12.2024 в 16:10:00,337166303,Столкновение,0,0,0,4,Официальный сайт Госавтоинспекции,Несоблюдение очередности проезда,2
,"МО МР Сосногорск Сосногорск - Керки (участок а/д Сыктывкар - Нарьян-Мар)
Сыктывкар - Ухта - Печора - Усинск - Нарьян-Мар на участке Сосногорск - Керки",30.12.2024 в 16:05:00,337173285,Столкновение,0,0,0,2,Официальный сайт Госавтоинспекции,Несоответствие скорости конкретным условиям движения,2
,"Центральный АО
ул Северная 24-я",30.12.2024 в 16:00:00,337184002,Столкновение,0,0,0,3,Официальный сайт Госавтоинспекции,Несоблюдение очередности проезда,2
,"Приморский округ М-8 Холмогоры, подъезд к городу Северодвинск
М-8 ""Холмогоры"" Москва - Ярославль - Вологда - Архангельск (подъезд к г. Северодвинск) (0+000 - 35+000)",30.12.2024 в 15:57:00,337215118,Столкновение,0,0,0,4,Официальный сайт Госавтоинспекции,Несоответствие скорости конкретным условиям движения,2
,"Онежский район Онега - Тамица - Кянда - Пурнема
Онега - Тамица - Кянда",30.12.2024 в 15:50:00,337215148,Съезд с дороги,0,0,0,2,Официальный сайт Госавтоинспекции,Несоответствие скорости конкретным условиям движения,2
,"Урицкий р-н НАРЫШКИНО-СОСКОВО (С 0+012 ПО 35+360)
Нарышкино - Сосково",30.12.2024 в 15:50:00,337175807,Съезд с дороги,0,0,0,1,Официальный сайт Госавтоинспекции,Несоответствие скорости конкретным условиям движения,2
,"Сортавальский р-н А-121 Сортавала Санкт-Петербург - Сортавала - автомобильная дорога Р-21 Кола
А-121 ""Сортавала"" Санкт-Петербург - Сортавала - автомобильная дорога Р-21 ""Кола"" (154+450 — 463+321)",30.12.2024 в 15:45:00,337209229,Наезд на пешехода,0,0,1,1,Официальный сайт Госавтоинспекции,Непредоставление преимущества в движении пешеходу,2
,"Калининград
пр-кт Советский",30.12.2024 в 15:35:00,337219506,Столкновение,0,0,0,4,Официальный сайт Госавтоинспекции,Несоответствие скорости конкретным условиям движения,2
,"Сарпинский район Р-22 Каспий, подъезд к городу Элиста
Р-22 ""Каспий"" автомобильная дорога М-4 ""Дон"" - Тамбов - Волгоград - Астрахань, подъезд к г. Элиста, (км 84+620 - км 291+000)",30.12.2024 в 15:35:00,337173704,Столкновение,0,0,0,2,Официальный сайт Госавтоинспекции,Несоблюдение очередности проезда,2
,"г. Кузнецк
ул Кирова",30.12.2024 в 15:30:00,337208493,Наезд на пешехода,0,0,1,1,Официальный сайт Госавтоинспекции,"Несоблюдение условий, разрешающих движение транспорта задним ходом",2
,"Г. ПСКОВ Р-23 Санкт-Петербург - Псков - Пустошка - Невель - граница с Республикой Беларусь (основное направление)
Р-23 Санкт-Петербург - Псков - Пустошка - Невель - граница с Республикой Беларусь (178+992 - 542+221) (542+585 - 542+686)",30.12.2024 в 15:30:00,337185449,Наезд на пешехода,0,0,1,1,Официальный сайт Госавтоинспекции,Нарушение правил проезда пешеходного перехода,3
,"г.о. Нальчик
пр-кт Ленина",30.12.2024 в 15:28:00,337203236,Столкновение,0,0,0,2,Официальный сайт Госавтоинспекции,Нарушение требований сигналов светофора,3
,"Велижский район Ольша - Велиж - Усвяты - Невель
Автодорожный обход г. Велижа",30.12.2024 в 15:25:00,337198603,Столкновение,1,1,0,3,Официальный сайт Госавтоинспекции,Несоблюдение очередности проезда,3
,"Привокзальный район
ул Смидович",30.12.2024 в 15:25:00,337176420,Наезд на велосипедиста,0,0,0,2,Официальный сайт Госавтоинспекции,Нарушение требований сигналов светофора; Пересечение велосипедистом проезжей части по пешеходному переходу,3
,"г.Петрозаводск
наб Варкауса",30.12.2024 в 15:20:00,337209239,Столкновение,0,0,0,3,Официальный сайт Госавтоинспекции,Нарушение правил перестроения,3
,"Прионежский р-н а\д КОЛА 423км - ПЕТРОЗАВОДСК
ш Пряжинское",30.12.2024 в 15:15:00,337209218,Столкновение,0,0,0,7,Официальный сайт Госавтоинспекции,Несоответствие скорости конкретным условиям движения,3
,"Вологодский КУБЕНСКОЕ-СЕВЕРНАЯ ФЕРМА
Кубенское - Северная Ферма",30.12.2024 в 15:10:00,337192708,Столкновение,0,0,0,2,Официальный сайт Госавтоинспекции,Несоответствие скорости конкретным условиям движения,3
,"Железнодорожный район
ш Малое",30.12.2024 в 15:06:00,337175257,Наезд на пешехода,0,0,1,1,Официальный сайт Госавтоинспекции,Неподчинение сигналам регулирования,3
,"Вяземский район Р-132 Золотое кольцо Ярославль – Кострома – Иваново – Владимир – Гусь-Хрустальный – Рязань – Михайлов – Тула – Калуга – Вязьма – Ржев – Тверь – Углич - Ярославль (основное направление)
Р-132 ""Золотое кольцо"" Ярославль - Кострома - Иваново - Владимир - Гусь-Хрустальный - Рязань - Михайлов - Тула - Калуга - Вязьма - Ржев - Тверь - Углич - Ярославль (838+510 - 988+119)",30.12.2024 в 15:02:00,337198610,Столкновение,0,0,0,2,Официальный сайт Госавтоинспекции,Несоблюдение очередности проезда,3
,"Ленинский
ул Суханова",30.12.2024 в 14:50:00,337191623,Столкновение,0,0,0,3,Официальный сайт Госавтоинспекции,Нарушение требований сигналов светофора,3
,"ТУАПСИНСКИЙ М-4 Дон Москва - Воронеж - Ростов-на-Дону - Краснодар – Новороссийск (основное направление)
М-4 ""Дон"" Москва - Воронеж - Ростов-на-Дону - Краснодар - Новороссийск (20+650 - 1542+215)",30.12.2024 в 14:45:00,337205812,Съезд с дороги,0,0,0,1,Официальный сайт Госавтоинспекции,Превышение установленной скорости движения,3
,"Приморский округ Исакогорка - Новодвинск - Холмогоры
Исакогорка - Новодвинск - Холмогоры",30.12.2024 в 14:40:00,337215132,Столкновение,0,0,0,4,Официальный сайт Госавтоинспекции,Несоответствие скорости конкретным условиям движения,3
,"БРЮХОВЕЦКИЙ г.Краснодар - г. Ейск
г. Краснодар - г. Ейск",30.12.2024 в 14:30:00,337205822,Столкновение,0,0,0,3,Официальный сайт Госавтоинспекции,Несоблюдение бокового интервала,3
,"Центральный АО
ул Герцена",30.12.2024 в 14:30:00,337184008,Столкновение,0,0,0,3,Официальный сайт Госавтоинспекции,"Выезд на полосу встречного движения в местах, где это запрещено; Несоответствие скорости конкретным условиям движения",3
,"Кировский р-н
ул Путейская",30.12.2024 в 14:30:00,337166257,Наезд на пешехода,0,0,1,1,Официальный сайт Госавтоинспекции,"Несоблюдение условий, разрешающих движение транспорта задним ходом",3
,"г Новгород
автомобильная дорога от ул. Державина до ул. Советской Армии",30.12.2024 в 14:25:00,337181448,Наезд на пешехода,0,0,1,1,Официальный сайт Госавтоинспекции,Нарушение правил проезда пешеходного перехода,3
,"Гурьевский район Северный обход г. Калининграда
Северный обход г. Калининграда - ул. Большая Окружная",30.12.2024 в 14:20:00,337219513,Столкновение,0,0,0,3,Официальный сайт Госавтоинспекции,Несоблюдение очередности проезда,3
,"Советский район
ул Ястынская от ул Гайдашовка до пересечения с ул Пограничников в Советском районе",30.12.2024 в 14:20:00,337211013,Столкновение,0,0,0,3,Официальный сайт Госавтоинспекции,Несоблюдение очередности проезда,3
,СТАРООСКОЛЬСКИЙ РАЙОН,30.12.2024 в 14:15:00,337220626,Съезд с дороги,0,0,0,1,Официальный сайт Госавтоинспекции,Несоответствие скорости конкретным условиям движения,3
,МО ГО Ухта,30.12.2024 в 14:12:00,337173309,Наезд на пешехода,0,0,1,1,Официальный сайт Госавтоинспекции,Движение вдоль проезжей части при наличии и удовлетворительном состоянии тротуара,3
,"Верещагинский Зюкайка-Кукетский
Зюкайка-Кукетский",30.12.2024 в 14:10:00,337204740,Столкновение,0,0,0,3,Официальный сайт Госавтоинспекции,Несоответствие скорости конкретным условиям движения,3
,"Кировский район
ул Нечаева",30.12.2024 в 14:00:00,337212970,Падение пассажира,0,0,0,2,Официальный сайт Госавтоинспекции,Несоответствие скорости конкретным условиям движения,3
,"Абакан г
ул Ленинского Комсомола",30.12.2024 в 14:00:00,337193747,Наезд на пешехода,0,0,1,1,Официальный сайт Госавтоинспекции,Нарушение правил проезда пешеходного перехода,3
,"Полевской п.Северский - г.Полевской
п. Северский - г. Полевской",30.12.2024 в 13:59:00,337209770,Столкновение,0,0,0,2,Официальный сайт Госавтоинспекции,Несоблюдение очередности проезда,3
,Приморский район,30.12.2024 в 13:58:00,337189255,Наезд на пешехода,0,0,1,1,Официальный сайт Госавтоинспекции,Неожиданный выход из-за стоящего ТС,3
,Калининград,30.12.2024 в 13:57:00,337219497,Наезд на пешехода,0,0,1,1,Официальный сайт Госавтоинспекции,Непредоставление преимущества в движении пешеходу,3
,"Карымский муниципальный район ДАРАСУН - СОЛНЦЕВО
ул Автомобилистов",30.12.2024 в 13:55:00,337201724,Наезд на пешехода,0,0,1,1,Официальный сайт Госавтоинспекции,Нарушение правил расположения ТС на проезжей части,3
,"Октябрьский
пер Базовый",30.12.2024 в 13:50:00,337209794,Столкновение,0,0,0,3,Официальный сайт Госавтоинспекции,Неправильный выбор дистанции,3
,"Борский район Рожново - Марково - Ваганьково
Рожново - Марково - Ваганьково",30.12.2024 в 13:50:00,337186470,Наезд на препятствие,0,0,0,2,Официальный сайт Госавтоинспекции,Превышение установленной скорости движения,3
,"Ленинский район
17-Й СОВЕТСКИЙ пер.",30.12.2024 в 13:50:00,337172192,Столкновение,0,0,0,2,Официальный сайт Госавтоинспекции,Нарушение правил расположения ТС на проезжей части,3
,"г. Петропавловск-Камчатский А-401 Подъездная дорога от морского порта Петропавловск-Камчатский к аэропорту Петропавловск-Камчатский (Елизово)
А-401 подъездная дорога от морского порта Петропавловск-Камчатский к аэропорту Петропавловск-Камчатский (Елизово) (0+000 - 38+000)",30.12.2024 в 13:42:00,337193908,Наезд на пешехода,0,0,1,1,Официальный сайт Госавтоинспекции,Нарушение правил проезда пешеходного перехода,3
,"Нижнекамский р-н
ул Гагарина",30.12.2024 в 13:40:00,337216696,Наезд на пешехода,0,0,1,1,Официальный сайт Госавтоинспекции,Непредоставление преимущества в движении пешеходу,3
,Ленинский район,30.12.2024 в 13:40:00,337172162,Столкновение,0,0,0,3,Официальный сайт Госавтоинспекции,Неправильный выбор дистанции,3
,"Симферополь
пр-кт Победы",30.12.2024 в 13:37:00,337214470,Столкновение,0,0,0,3,Официальный сайт Госавтоинспекции,Нарушение требований сигналов светофора,3
,"Богородский район Богородск - Афанасьево - Куликово
Богородск - Афанасьево - Куликово",30.12.2024 в 13:35:00,337186485,Съезд с дороги,0,0,0,1,Официальный сайт Госавтоинспекции,Выезд на полосу встречного движения; Превышение установленной скорости движения,3
,"Заводской р-н
ш Кромское",30.12.2024 в 13:30:00,337175810,Столкновение,0,0,0,3,Официальный сайт Госавтоинспекции,Несоблюдение очередности проезда,3
,"Тайшетский район Р-255 Сибирь Новосибирск - Кемерово - Красноярск – Иркутск (основное направление)
Р-255 ""Сибирь"" Новосибирск - Кемерово - Красноярск - Иркутск (1166+800- 1872+553)",30.12.2024 в 13:30:00,337172180,Столкновение,2,2,0,7,Официальный сайт Госавтоинспекции,Нарушение правил расположения ТС на проезжей части,3
,"Усть-Кутский район
г. Усть-Кут, автодорога по ул. Зверева от дома №1а по ул. Зверева до строения №2 по ул. Кирова в г. Усть-Куте",30.12.2024 в 13:28:00,337172169,Столкновение,0,0,0,3,Официальный сайт Госавтоинспекции,Несоответствие скорости конкретным условиям движения,3
,"Центральный район
ул Пушкина",30.12.2024 в 13:20:00,337212463,Наезд на пешехода,0,0,1,1,Официальный сайт Госавтоинспекции,Несоответствие скорости конкретным условиям движения; Переход через проезжую часть вне пешеходного перехода в зоне его видимости либо при наличии в непосредственной близости подземного (надземного) пешеходного перехода,3
,"ПАВЛОВСКИЙ А-321 Барнаул - Павловск - граница с Республикой Казахстан
А-321 Барнаул – Павловск – граница с Республикой Казахстан (13+600 - 401+911)",30.12.2024 в 13:20:00,337194511,Столкновение,1,1,0,3,Официальный сайт Госавтоинспекции,Выезд на полосу встречного движения,3
,"Промышленный р-н
ул Стара Загора",30.12.2024 в 13:20:00,337166245,Столкновение,0,0,0,2,Официальный сайт Госавтоинспекции,Несоблюдение очередности проезда,3
,Советский р-н,30.12.2024 в 13:15:00,337216717,Столкновение,0,0,0,3,Официальный сайт Госавтоинспекции,Нарушение правил перестроения,3
,"Шпаковский район Ростов-на-Дону (от М-4 «Дон»)- Ставрополь (в границах Ставропольского края)
Ростов-на-Дону (от М-4 ""Дон"") - Ставрополь (в границах Ставропольского края)",30.12.2024 в 13:10:00,337170854,Наезд на пешехода,0,0,2,1,Официальный сайт Госавтоинспекции,Нарушение правил расположения ТС на проезжей части,3
,"Карагайский Р-243, подъезд к г. Кудымкар
""Нытва-Кудымкар""-Обвинск",30.12.2024 в 13:05:00,337204721,Столкновение,0,0,0,6,Официальный сайт Госавтоинспекции,Несоблюдение очередности проезда,3
,"Мари-Турекский
ул Октябрьская",30.12.2024 в 13:05:00,337200074,Наезд на пешехода,0,0,1,1,Официальный сайт Госавтоинспекции,Несоответствие скорости конкретным условиям движения,3
,"СМОЛЕНСКИЙ Бийск - Белокуриха
Бийск - Белокуриха",30.12.2024 в 13:04:00,337194528,Столкновение,0,0,0,5,Официальный сайт Госавтоинспекции,Несоответствие скорости конкретным условиям движения,3
,"Железнодорожный район
пр-кт 60-летия Октября",30.12.2024 в 13:00:00,337212458,Столкновение,0,0,0,2,Официальный сайт Госавтоинспекции,Нарушение правил перестроения; Неправильный выбор дистанции,3
,"ПЕРВОМАЙСКИЙ Белоярск - Заринск
Белоярск - Заринск",30.12.2024 в 13:00:00,337194501,Столкновение,1,1,0,3,Официальный сайт Госавтоинспекции,Несоответствие скорости конкретным условиям движения,3
,"Дальнегорский ГО Осиновка - Рудная Пристань
Осиновка - Рудная Пристань",30.12.2024 в 13:00:00,337191648,Съезд с дороги,0,0,0,3,Официальный сайт Госавтоинспекции,Нарушение правил расположения ТС на проезжей части,3
,"Ленинский
ул Екатерининская",30.12.2024 в 12:55:00,337204717,Наезд на пешехода,0,0,1,1,Официальный сайт Госавтоинспекции,Переход через проезжую часть вне пешеходного перехода в зоне его видимости либо при наличии в непосредственной близости подземного (надземного) пешеходного перехода,3
,"Медведевский Йошкар-Ола - Санчурск
Йошкар-Ола - Санчурск",30.12.2024 в 12:55:00,337200067,Столкновение,1,1,0,4,Официальный сайт Госавтоинспекции,Выезд на полосу встречного движения,3
,"Красногорский р-н МОСКВА-ВОЛОКОЛАМСК
Волоколамское шоссе 20,6-35,5",30.12.2024 в 12:55:00,337177578,Столкновение,0,0,0,4,Официальный сайт Госавтоинспекции,Неправильный выбор дистанции,3
,"г. Стерлитамак
ул Гоголя",30.12.2024 в 12:50:00,337181752,Наезд на пешехода,0,0,1,1,Официальный сайт Госавтоинспекции,Непредоставление преимущества в движении пешеходу,3
,"Володарский район
Подъезд к п.Мулино от а/д М-7 «Волга»",30.12.2024 в 12:45:00,337186474,Столкновение,0,0,0,3,Официальный сайт Госавтоинспекции,"Выезд на полосу встречного движения в местах, где это запрещено; Превышение установленной скорости движения",3
,"Апатитский р-н Р-21 Кола Санкт-Петербург - Петрозаводск - Мурманск - Печенга - граница с Королевством Норвегия (основное направление)
Р-21 ""Кола"" Санкт-Петербург - Петрозаводск - Мурманск - Печенга - граница с Королевством Норвегия (км 1067+648 - км 1592+413)",30.12.2024 в 12:45:00,337185099,Столкновение,0,0,0,2,Официальный сайт Госавтоинспекции,Несоответствие скорости конкретным условиям движения,3
,"Советский район
ул Халтурина",30.12.2024 в 12:45:00,337176408,Наезд на пешехода,0,0,1,1,Официальный сайт Госавтоинспекции,"Несоблюдение условий, разрешающих движение транспорта задним ходом",3
,Приволжский р-н,30.12.2024 в 12:40:00,337216704,Столкновение,0,0,0,2,Официальный сайт Госавтоинспекции,Неправильный выбор дистанции,3
,"Котласский округ М-8 Холмогоры - Котлас
М-8 ""Холмогоры"" - Котлас",30.12.2024 в 12:40:00,337215139,Столкновение,0,0,0,6,Официальный сайт Госавтоинспекции,Нарушение правил расположения ТС на проезжей части,3
,"Г. НОВОАЛТАЙСК
ул Октябренок",30.12.2024 в 12:40:00,337194522,Столкновение,0,0,0,3,Официальный сайт Госавтоинспекции,Выезд на полосу встречного движения,3
,"Тарский р-н Тара - Мартюшево - Васисс
Тара - Мартюшево - Васисс",30.12.2024 в 12:40:00,337183980,Столкновение,1,1,0,3,Официальный сайт Госавтоинспекции,Выезд на полосу встречного движения,3
,"Центральный район
ул. Труда",30.12.2024 в 12:40:00,337179664,Падение пассажира,0,0,0,3,Официальный сайт Госавтоинспекции,Несоблюдение очередности проезда,3
,"Центральный район
пр-кт Революции",30.12.2024 в 12:40:00,337169520,Наезд на пешехода,0,0,1,1,Официальный сайт Госавтоинспекции,Нарушение правил проезда пешеходного перехода,3
,"Никольский Тотьма-Никольск
Тотьма - Никольск",30.12.2024 в 12:38:00,337192723,Столкновение,0,0,0,6,Официальный сайт Госавтоинспекции,Выезд на полосу встречного движения; Несоответствие скорости конкретным условиям движения,3
,"ВЕЛИКОЛУКСКИЙ РАЙОН А-122 Автомобильная дорога А-114 – Устюжна – Крестцы – Яжелбицы – Великие Луки - Невель
А-122 автомобильная дорога А-114 – Устюжна – Крестцы – Яжелбицы – Великие Луки – Невель (674+420 - 730+397)",30.12.2024 в 12:35:00,337185436,Съезд с дороги,0,0,0,1,Официальный сайт Госавтоинспекции,Несоответствие скорости конкретным условиям движения,3
,"МО ГО Ухта Подъезд к пгт Ярега от а/д Сыктывкар - Нарьян-Мар
Подъезд к пгт Ярега от автомобильной дороги Сыктывкар - Ухта - Печора - Усинск - Нарьян-Мар",30.12.2024 в 12:35:00,337173302,Столкновение,0,0,0,3,Официальный сайт Госавтоинспекции,Неправильный выбор дистанции,3
,"Октябрьский район г. Уфа
ул Лесотехникума",30.12.2024 в 12:31:00,337181756,Падение пассажира,0,0,0,2,Официальный сайт Госавтоинспекции,Нарушение правил пользования общественным транспортом,3
,"Затеречный
ул Колка Кесаева",30.12.2024 в 12:30:00,337220080,Съезд с дороги,0,0,0,1,Официальный сайт Госавтоинспекции,Несоответствие скорости конкретным условиям движения,3
,"Промышленный
ул.Августовских Событий",30.12.2024 в 12:30:00,337220075,Столкновение,0,0,0,2,Официальный сайт Госавтоинспекции,Несоблюдение очередности проезда,3
,"Индустриальный район
ул Суворова",30.12.2024 в 12:30:00,337212438,Столкновение,0,0,0,3,Официальный сайт Госавтоинспекции,Нарушение правил перестроения,3
,Приозерский р-н А-121 Сортавала Санкт-Петербург - Сортавала - автомобильная дорога Р-21 Кола,30.12.2024 в 12:30:00,337202081,Съезд с дороги,0,0,0,1,Официальный сайт Госавтоинспекции,Несоответствие скорости конкретным условиям движения,3
,"Яшкульский район Р-216 Астрахань - Элиста - Ставрополь
Р-216 Астрахань - Элиста - Ставрополь (105+048 - 319+392)",30.12.2024 в 12:30:00,337173709,Столкновение,0,0,0,3,Официальный сайт Госавтоинспекции,Несоблюдение бокового интервала,3
,"Магадан
ул Энергостроителей",30.12.2024 в 12:30:00,337170713,Наезд на пешехода,0,0,1,1,Официальный сайт Госавтоинспекции,Непредоставление преимущества в движении пешеходу,3
,"Октябрьский район
ул 30 лет Победы",30.12.2024 в 12:28:00,337218323,Наезд на пешехода,0,0,2,1,Официальный сайт Госавтоинспекции,Нарушение правил проезда пешеходного перехода,3
,"г. Благовещенск
ул Ленина",30.12.2024 в 12:20:00,337174011,Столкновение,0,0,0,3,Официальный сайт Госавтоинспекции,Несоблюдение очередности проезда,3
,"Шпаковский район Сенгилеевское - Новотроицкая
Сенгилеевское - Новотроицкая",30.12.2024 в 12:12:00,337170846,Столкновение,0,0,0,4,Официальный сайт Госавтоинспекции,Нарушение правил расположения ТС на проезжей части,3
,"Ленинский район
ул Степная",30.12.2024 в 12:05:00,337214467,Наезд на препятствие,0,0,0,1,Официальный сайт Госавтоинспекции,Несоответствие скорости конкретным условиям движения,3
,"г. Благовещенск
ул Мухина",30.12.2024 в 12:05:00,337174022,Наезд на пешехода,0,0,1,1,Официальный сайт Госавтоинспекции,Переход через проезжую часть вне пешеходного перехода в зоне его видимости либо при наличии в непосредственной близости подземного (надземного) пешеходного перехода,3
,"Кировский район
ул Лёни Голикова (от пр Стачек до пр Народного Ополчения)",30.12.2024 в 12:00:00,337189259,Наезд на велосипедиста,0,0,0,2,Официальный сайт Госавтоинспекции,Нарушение правил расположения ТС на проезжей части,3
,"Называевский р-н
Называевск - Исилькуль",30.12.2024 в 12:00:00,337183990,"Наезд на лицо, не являющееся участником дорожного движения, осуществляющее несение службы",0,0,1,1,Официальный сайт Госавтоинспекции,Невыполнение требований обеспечения безопасности при начале движения,3
,"Электротехнический р-н
проезд Индустриальный",30.12.2024 в 11:45:00,337216712,Столкновение,0,0,0,2,Официальный сайт Госавтоинспекции,Нарушение требований сигналов светофора,3
,"Октябрьский р-н М-5 Урал Москва - Рязань - Пенза - Самара - Уфа – Челябинск (основное направление)
М-5 ""Урал"" Москва - Рязань - Пенза - Самара - Уфа - Челябинск (160+445 - 1194+766)",30.12.2024 в 11:45:00,337208486,Столкновение,0,0,0,4,Официальный сайт Госавтоинспекции,Неправильный выбор дистанции,4
,"Златоустовский городской округ
ул им И.Ф.Лапшина",30.12.2024 в 11:45:00,337179652,Столкновение,0,0,0,2,Официальный сайт Госавтоинспекции,Несоблюдение очередности проезда,4
,"г. Благовещенск
ул Мухина",30.12.2024 в 11:45:00,337174003,Столкновение,0,0,0,4,Официальный сайт Госавтоинспекции,Выезд на полосу встречного движения,4
,"Приозерский р-н А-121 Сортавала Санкт-Петербург - Сортавала - автомобильная дорога Р-21 Кола
А-121 ""Сортавала"" Санкт-Петербург - Сортавала - автомобильная дорога Р-21 ""Кола"" (0+335 - 146+236)",30.12.2024 в 11:43:00,337202074,Столкновение,1,1,0,4,Официальный сайт Госавтоинспекции,Выезд на полосу встречного движения,4
,"Тогучинский район К-19р Новосибирск - Ленинск-Кузнецкий (в границах НСО)
Новосибирск - Ленинск-Кузнецкий (в границах НСО)",30.12.2024 в 11:40:00,337215422,Столкновение,0,0,0,2,Официальный сайт Госавтоинспекции,Выезд на полосу встречного движения; Несоответствие скорости конкретным условиям движения,4
,"Одинцовский р-н 1-Е УСПЕНСКОЕ Ш.-ХИМИК-2-Е УСПЕНСКОЕ Ш.
1-е Успенское шоссе - Химик - 2-е Успенское шоссе",30.12.2024 в 11:40:00,337177575,Съезд с дороги,0,0,0,1,Официальный сайт Госавтоинспекции,Несоответствие скорости конкретным условиям движения,4
,"Зареченский район
ул Октябрьская",30.12.2024 в 11:40:00,337176412,Столкновение,0,0,0,4,Официальный сайт Госавтоинспекции,Неправильный выбор дистанции,4
,"Новосибирский район К-19р Новосибирск - Ленинск-Кузнецкий (в границах НСО)
Новосибирск - Ленинск-Кузнецкий (в границах НСО)",30.12.2024 в 11:30:00,337215413,Столкновение,0,0,0,5,Официальный сайт Госавтоинспекции,"Выезд на полосу встречного движения в местах, где это запрещено",4
,"Выборгский р-н А-181 Скандинавия Санкт-Петербург - Выборг - граница с Финляндской Республикой (основное направление)
А-181 ""Скандинавия"" Санкт-Петербург - Выборг - граница с Финляндской Республикой основное направление (47+571 - 204+932)",30.12.2024 в 11:30:00,337202070,Съезд с дороги,1,1,0,2,Официальный сайт Госавтоинспекции,Нарушение правил расположения ТС на проезжей части,4
,"Шабалинский район Р-243 Кострома - Шарья - Киров - Пермь (основное направление)
Р-243 Кострома - Шарья - Киров - Пермь (378+564 - 492+521)",30.12.2024 в 11:30:00,337195412,Съезд с дороги,0,0,0,1,Официальный сайт Госавтоинспекции,Нарушение правил расположения ТС на проезжей части,4
,"Ковровский район Эсино - Алексеевское - Ильинское
Эсино - Алексеевское - Ильинское",30.12.2024 в 11:30:00,337174426,Съезд с дороги,1,1,0,1,Официальный сайт Госавтоинспекции,Несоответствие скорости конкретным условиям движения,4
,"г. Тобольск
ул Юбилейная",30.12.2024 в 11:30:00,337167781,Столкновение,0,0,0,2,Официальный сайт Госавтоинспекции,Несоблюдение очередности проезда,4
,"г. Элиста
ул им Буденного С.М.",30.12.2024 в 11:20:00,337173699,Наезд на стоящее ТС,0,0,0,2,Официальный сайт Госавтоинспекции,Неправильный выбор дистанции,4
,"Советск Гвардейск - Неман - граница с Литовской Республикой, 51.907 км. - 55.000 км. (уч-к регион. зн-я)
Гвардейск-Неман-граница с Литовской Республикой - Советск",30.12.2024 в 11:12:00,337219523,Столкновение,0,0,0,4,Официальный сайт Госавтоинспекции,Несоблюдение очередности проезда,4
,"Ленинский
ул Володарского",30.12.2024 в 11:00:00,337208472,Столкновение,0,0,0,3,Официальный сайт Госавтоинспекции,Несоблюдение очередности проезда,4
,"Прокопьевский муниципальный округ Белово-Коновалово-Прокопьевск
Белово - Коновалово - Прокопьевск",30.12.2024 в 11:00:00,337183042,Наезд на стоящее ТС,0,0,0,4,Официальный сайт Госавтоинспекции,Несоответствие скорости конкретным условиям движения,4
,"г. Шарыпово
Внутриквартальный проезд к дому 47, мкр 6",30.12.2024 в 10:55:00,337210999,Столкновение,0,0,0,3,Официальный сайт Госавтоинспекции,Несоблюдение очередности проезда,4
,"г. Сургут
ул Университетская (от проспекта Пролетарский до ул Каролинского, 3 пусковой комплекс)",30.12.2024 в 10:50:00,337188406,Столкновение,0,0,0,5,Официальный сайт Госавтоинспекции,"Непредоставление преимущества в движении ТС, имеющему нанесенные на наружные поверхности специальные цветографические схемы, надписи и обозначения, с одновременно включённым проблесковым маячком синего цвета и специальным звуковым сигналом; Несоблюдение очередности проезда",4
,"Нижегородский район
Лысогорский съезд от ул Родионова до наб Гребного канала",30.12.2024 в 10:40:00,337186454,Наезд на стоящее ТС,0,0,0,1,Официальный сайт Госавтоинспекции,Несоответствие скорости конкретным условиям движения,4
,"Володарский район М-7 Волга Москва - Владимир - Нижний Новгород - Казань (основное направление)
М-7 ""Волга"" Москва - Владимир - Нижний Новгород - Казань (94+052 - 429+540)",30.12.2024 в 10:30:00,337186416,Столкновение,0,0,0,2,Официальный сайт Госавтоинспекции,Несоответствие скорости конкретным условиям движения,4
,"Ковровский район Эсино - Алексеевское - Ильинское
Эсино - Алексеевское - Ильинское",30.12.2024 в 10:30:00,337174421,Наезд на стоящее ТС,0,0,0,2,Официальный сайт Госавтоинспекции,Несоответствие скорости конкретным условиям движения,4
,"Курагинский р-н Минусинск-Кускун
Саяны",30.12.2024 в 10:10:00,337211005,Столкновение,1,1,0,5,Официальный сайт Госавтоинспекции,Выезд на полосу встречного движения,4
,"Железнодорожный р-н
ул Московская",30.12.2024 в 10:10:00,337175816,Столкновение,0,0,0,2,Официальный сайт Госавтоинспекции,Несоблюдение очередности проезда,4
,"Уссурийский ГО
ул Фрунзе",30.12.2024 в 10:05:00,337191634,Столкновение,0,0,0,3,Официальный сайт Госавтоинспекции,Нарушение требований дорожных знаков,4
,"Балахнинский район Подъезд к д. Галкино от а/д Шопша - Иваново - Н.Новгород
Подъезд к д. Галкино от а/д Шопша - Иваново - Н.Новгород",30.12.2024 в 10:05:00,337186436,Столкновение,0,0,0,4,Официальный сайт Госавтоинспекции,"Выезд на полосу встречного движения в местах, где это запрещено; Превышение установленной скорости движения",4
,"Полесский район Полесск - Большаково
Полесск - Большаково",30.12.2024 в 10:00:00,337219520,Съезд с дороги,1,1,0,1,Официальный сайт Госавтоинспекции,Нарушение правил расположения ТС на проезжей части,4
,"Верх-Исетский
ул Викулова",30.12.2024 в 10:00:00,337209790,Падение пассажира,0,0,0,2,Официальный сайт Госавтоинспекции,Нарушение правил пользования общественным транспортом; Несоответствие скорости конкретным условиям движения,4
,"Советский район
ул Адмирала Нахимова",30.12.2024 в 09:50:00,337212962,Наезд на пешехода,0,0,1,1,Официальный сайт Госавтоинспекции,Нарушение правил проезда пешеходного перехода,4
,Троицкий муниципальный район Троицк-ГРЭС,30.12.2024 в 09:50:00,337179649,Съезд с дороги,0,0,0,1,Официальный сайт Госавтоинспекции,Несоответствие скорости конкретным условиям движения,4
,"Пугачевский р-н ПУГАЧЕВ-ПЕРЕЛЮБ
автомобильная дорога ""Пугачев - Перелюб"" (в пределах района)",30.12.2024 в 09:45:00,337203548,Съезд с дороги,0,0,0,3,Официальный сайт Госавтоинспекции,Несоответствие скорости конкретным условиям движения,4
,"Г.КРАСНОДАР
ул Красноармейская",30.12.2024 в 09:40:00,337205797,Наезд на стоящее ТС,0,0,0,6,Официальный сайт Госавтоинспекции,Несоблюдение бокового интервала,4
,"Центральный район
ул Рязанская",30.12.2024 в 09:35:00,337176436,Столкновение,0,0,0,3,Официальный сайт Госавтоинспекции,Несоблюдение очередности проезда,4
,"Г.БИЙСК
пер Монтажный",30.12.2024 в 09:30:00,337194539,Столкновение,0,0,0,3,Официальный сайт Госавтоинспекции,Нарушение правил обгона,4
,"Левобережный район
Воронеж - Масловка - плотина водохранилища",30.12.2024 в 09:30:00,337169500,Наезд на препятствие,0,0,0,2,Официальный сайт Госавтоинспекции,Несоответствие скорости конкретным условиям движения,4
,"Тихвинский р-н
Тихвин - Красава",30.12.2024 в 09:25:00,337202062,Наезд на пешехода,0,0,1,1,Официальный сайт Госавтоинспекции,Нарушение правил проезда пешеходного перехода,4
,"Советский район
пр-кт Конституции",30.12.2024 в 09:20:00,337177075,Наезд на пешехода,0,0,1,1,Официальный сайт Госавтоинспекции,Переход через проезжую часть вне пешеходного перехода в зоне его видимости либо при наличии в непосредственной близости подземного (надземного) пешеходного перехода,4
,"Автозаводский р-н
пр-кт им Вахитова",30.12.2024 в 09:10:00,337216709,Наезд на препятствие,0,0,0,1,Официальный сайт Госавтоинспекции,Нарушение правил расположения ТС на проезжей части,4
,"Балаковский р-н автоподъезд к г. Балаково от автомобильной дороги Самара - Пугачев - Энгельс - Волгоград до полиго
автоподъезд к г. Балаково от автомобильной дороги ""Самара - Пугачев - Энгельс - Волгоград"" до полигона ТБО",30.12.2024 в 09:10:00,337203534,Столкновение,0,0,0,4,Официальный сайт Госавтоинспекции,Несоблюдение очередности проезда,4
,"Урванский район Нарткала-Кахун-Правоурванский
Подъезд от а/д Нарткала - Кахун -Правоурванский к кладбищу в с. Кахун",30.12.2024 в 09:10:00,337203230,Столкновение,0,0,0,3,Официальный сайт Госавтоинспекции,Выезд на полосу встречного движения,4
,"Октябрьский район
ул Тимуровцев",30.12.2024 в 09:10:00,337175248,Столкновение,0,0,0,2,Официальный сайт Госавтоинспекции,Несоблюдение очередности проезда,4
,"Пичаевский р-н Тамбов-Пенза*-Бондари-Пичаево-Вернадовка
""Тамбов - Пенза"" - Бондари - Пичаево - Вернадовка",30.12.2024 в 09:09:00,337213905,Съезд с дороги,0,0,0,1,Официальный сайт Госавтоинспекции,Несоответствие скорости конкретным условиям движения,4
,"Елецкий район ЧИБИСОВКА-АРКАТОВО-ЛУКОШКИНО-ПРИМ. К А-Д ОРЕЛ-ТАМБОВ
Чибисовка - Аркатово - Лукошкино - прим. к ад Орел - Тамбов",30.12.2024 в 09:01:00,337202804,Съезд с дороги,0,0,0,2,Официальный сайт Госавтоинспекции,Несоответствие скорости конкретным условиям движения,4
,"Всеволожский р-н Санкт-Петербург - Колтуши
Санкт-Петербург - Колтуши",30.12.2024 в 09:00:00,337202066,Наезд на пешехода,0,0,1,1,Официальный сайт Госавтоинспекции,Нарушение правил проезда пешеходного перехода,4
,"г.Ковров
ул Ранжева",30.12.2024 в 08:53:00,337174432,Столкновение,0,0,0,2,Официальный сайт Госавтоинспекции,Несоблюдение очередности проезда,4
,"Емельяновский р-н Р-255 Сибирь Новосибирск - Кемерово - Красноярск – Иркутск (основное направление)
Р-255 ""Сибирь"" Новосибирск - Кемерово - Красноярск - Иркутск (649+000 - 812+000)",30.12.2024 в 08:50:00,337210988,Столкновение,2,2,0,5,Официальный сайт Госавтоинспекции,Нарушение правил расположения ТС на проезжей части,4
,"Саткинский муниципальный район
ул Куйбышева",30.12.2024 в 08:50:00,337179670,Столкновение,0,0,0,2,Официальный сайт Госавтоинспекции,Нарушение требований дорожных знаков; Несоблюдение очередности проезда,4
,"Кимрский
ул Центральная",30.12.2024 в 08:50:00,337165782,Наезд на пешехода,0,0,1,1,Официальный сайт Госавтоинспекции,"Несоблюдение условий, разрешающих движение транспорта задним ходом",4
,Симферопольский район Объект «Строительство объездной дороги г. Симферополя на участке Дубки-Левадки,30.12.2024 в 08:45:00,337214476,Столкновение,0,0,0,3,Официальный сайт Госавтоинспекции,Неправильный выбор дистанции,4
,Симферопольский район Объект «Строительство объездной дороги г. Симферополя на участке Дубки-Левадки,30.12.2024 в 08:30:00,337214452,Наезд на препятствие,0,0,0,2,Официальный сайт Госавтоинспекции,Несоответствие скорости конкретным условиям движения,4
,"Красноглинский р-н Красноглинское шоссе (от моста через р. Сок до Волжского шоссе)
Красноглинское шоссе (от моста через р. Сок до Волжского шоссе)",30.12.2024 в 08:30:00,337166239,Столкновение,0,0,0,3,Официальный сайт Госавтоинспекции,Неправильный выбор дистанции,4
,"Г.КРАСНОДАР
ул им Мачуги В.Н.",30.12.2024 в 08:25:00,337205847,Падение пассажира,0,0,0,2,Официальный сайт Госавтоинспекции,Несоответствие скорости конкретным условиям движения,4
,"Почепский район
ул Усиевича",30.12.2024 в 08:25:00,337165538,Наезд на пешехода,0,0,1,1,Официальный сайт Госавтоинспекции,Нарушение правил проезда пешеходного перехода,4
,"Новокузнецкий городской округ
ул 40 лет ВЛКСМ",30.12.2024 в 08:20:00,337183054,Наезд на препятствие,0,0,0,2,Официальный сайт Госавтоинспекции,Несоответствие скорости конкретным условиям движения,4
,"Калининский АО г.Тюмени Обход г. Тюмени
Обход г. Тюмени",30.12.2024 в 08:00:00,337167809,Столкновение,0,0,0,4,Официальный сайт Госавтоинспекции,Несоблюдение очередности проезда,4
,"МО ГО Сыктывкар
ул Гаражная",30.12.2024 в 07:45:00,337173296,Столкновение,0,0,0,3,Официальный сайт Госавтоинспекции,Несоблюдение очередности проезда,4
,"Балахнинский район Шопша-Иваново-Н.Новгород на участке обхода г.Балахны и Заволжья
Шопша - Иваново - Н.Новгород на участке обхода г. Балахны и Заволжья в Нижегородской обл. (1 пусковой комплекс с подъездом к г. Заволжье)",30.12.2024 в 07:40:00,337186421,Столкновение,0,0,0,2,Официальный сайт Госавтоинспекции,"Выезд на полосу встречного движения в местах, где это запрещено; Нарушение правил обгона; Превышение установленной скорости движения",4
,Промышленновский муниципальный округ,30.12.2024 в 07:35:00,337183036,Столкновение,0,0,0,3,Официальный сайт Госавтоинспекции,Нарушение правил расположения ТС на проезжей части,4
,"г.Ессентуки
ул Маркова",30.12.2024 в 07:30:00,337170820,Столкновение,0,0,0,4,Официальный сайт Госавтоинспекции,Несоблюдение очередности проезда,4
,"Тобольский район Р-404 Тюмень - Тобольск - Ханты-Мансийск
Р-404 Тюмень - Тобольск - Ханты-Мансийск (11+700 - 542+665)",30.12.2024 в 07:30:00,337167786,Наезд на препятствие,0,0,0,3,Официальный сайт Госавтоинспекции,Несоответствие скорости конкретным условиям движения,4
,"Наро-Фоминский р-н М-3 Украина Москва - Калуга - Брянск - граница с Украиной (основное направление)
М-3 « Украина» Москва - Калуга - Брянск - граница с Украиной (65+200 - 519+868)",30.12.2024 в 07:10:00,337177553,Наезд на препятствие,0,0,0,2,Официальный сайт Госавтоинспекции,,4
,"Городской округ г.Ефремов М-4 Дон Москва - Воронеж - Ростов-на-Дону - Краснодар – Новороссийск (основное направление)
М-4 ""Дон"" Москва - Воронеж - Ростов-на-Дону - Краснодар - Новороссийск старое направление проезд по г. Ефремов (296+500 - 321+300)",30.12.2024 в 07:00:00,337176442,Столкновение,1,1,0,3,Официальный сайт Госавтоинспекции,Выезд на полосу встречного движения,4
,"Богучанский р-н Канск-Абан-Богучаны
Канск - Абан - Богучаны",30.12.2024 в 06:42:00,337210982,Столкновение,1,1,0,3,Официальный сайт Госавтоинспекции,Выезд на полосу встречного движения,4
,"Сакмарский Р-239 Казань - Оренбург - Акбулак - граница с Республикой Казахстан (основное направление)
Р-239 Казань - Оренбург - Акбулак - граница с Республикой Казахстан (398+860 - 712+514)",30.12.2024 в 06:25:00,337185767,Съезд с дороги,0,0,0,1,Официальный сайт Госавтоинспекции,Несоответствие скорости конкретным условиям движения,4
,"Советский район
ул Минская (Сырский Рудник)",30.12.2024 в 06:15:00,337202798,Столкновение,1,1,0,3,Официальный сайт Госавтоинспекции,"Выезд на полосу встречного движения в местах, где это запрещено",4
,"Пролетарский район
ул Демидовская плотина",30.12.2024 в 06:10:00,337176403,Наезд на стоящее ТС,0,0,0,2,Официальный сайт Госавтоинспекции,Неправильный выбор дистанции,4
,"Октябрьский район
КАРЛА ЛИБКНЕХТА ул., литера I",30.12.2024 в 06:10:00,337172175,Столкновение,0,0,0,2,Официальный сайт Госавтоинспекции,Нарушение требований сигналов светофора,4
,"САЛЬСКИЙ Котельниково-Песчанокопское
Подъезд от автомобильной дороги ""г. Котельниково - пос. Зимовники - г. Сальск - с. Песчанокопское (от границы Волгоградской области)"" к с. Екатериновка",30.12.2024 в 06:05:00,337200372,Столкновение,0,0,0,3,Официальный сайт Госавтоинспекции,Несоблюдение очередности проезда,4
,"Советский район
ул. Доватора",30.12.2024 в 06:00:00,337179657,Столкновение,0,0,0,4,Официальный сайт Госавтоинспекции,Нарушение требований сигналов светофора,4
,"Нижнедевицкий район КУРСК - БОРИСОГЛЕБСК - МИХНЕВО - СИНИЕ ЛИПЯГИ
""Курск - Борисоглебск"" - Михнево - Синие Липяги",30.12.2024 в 05:40:00,337169508,Съезд с дороги,1,1,0,4,Официальный сайт Госавтоинспекции,Несоответствие скорости конкретным условиям движения,4
,"Еткульский муниципальный район А-310 Челябинск - Троицк - граница с Республикой Казахстан
А–310 Челябинск – Троицк – граница с Республикой Казахстан (16+270 - 146+128)",30.12.2024 в 05:15:00,337179675,Наезд на препятствие,0,0,0,2,Официальный сайт Госавтоинспекции,Несоответствие скорости конкретным условиям движения,4
,"Знаменский р-н Тара-Усть-Ишим
Тобольск - Тара - Томск, участок Тара -Усть-Ишим",30.12.2024 в 04:30:00,337183986,Съезд с дороги,0,0,0,2,Официальный сайт Госавтоинспекции,Нарушение правил расположения ТС на проезжей части,4
,"Рамонский район
ул Ленина",30.12.2024 в 04:30:00,337169504,Наезд на препятствие,0,0,0,2,Официальный сайт Госавтоинспекции,Нарушение правил расположения ТС на проезжей части,4
,"Центральный АО г.Тюмени
ул. 50 лет ВЛКСМ (ул. Мориса Тореза - путепровод по ул. Монтажников)",30.12.2024 в 04:30:00,337167791,Наезд на препятствие,0,0,0,2,Официальный сайт Госавтоинспекции,Несоответствие скорости конкретным условиям движения,4
,"Г.КРАСНОДАР
ул Северная",30.12.2024 в 03:45:00,337205815,Наезд на стоящее ТС,0,0,2,1,Официальный сайт Госавтоинспекции,Несоответствие скорости конкретным условиям движения,4
,Ленинский р-н,30.12.2024 в 03:16:00,337203541,Наезд на препятствие,0,0,0,1,Официальный сайт Госавтоинспекции,Нарушение правил расположения ТС на проезжей части,4
,"Исаклинский р-н М-5 Урал Москва - Рязань - Пенза - Самара - Уфа – Челябинск (основное направление)
""Урал"" - Исаклы - Шентала",30.12.2024 в 03:05:00,337166274,Столкновение,1,1,0,7,Официальный сайт Госавтоинспекции,Несоблюдение очередности проезда,4
,"Центральный район
ул Карла Маркса",30.12.2024 в 02:30:00,337212444,Столкновение,0,0,0,2,Официальный сайт Госавтоинспекции,Нарушение требований сигналов светофора,4
,"Лыткарино
ул Парковая",30.12.2024 в 02:30:00,337177608,Наезд на препятствие,0,0,0,2,Официальный сайт Госавтоинспекции,Несоответствие скорости конкретным условиям движения,4
,"СЕМИКАРАКОРСКИЙ участок автомобильной дороги г. Ростов-на-Дону (от магистрали Дон) г. Семикаракорск г. Волгодонск
Участок автомобильной дороги г. Ростов-на-Дону (от магистрали ""Дон"") - г. Семикаракорск - г. Волгодонск на км 0 + 000 - км 88 + 500",30.12.2024 в 02:20:00,337200379,Наезд на пешехода,1,1,1,1,Официальный сайт Госавтоинспекции,Движение вдоль проезжей части попутного направления вне населенного пункта при удовлетворительном состоянии обочины,4
,Новосибирский район Н-2139 Советское шоссе,30.12.2024 в 02:00:00,337215434,Столкновение,0,0,0,3,Официальный сайт Госавтоинспекции,Нарушение правил расположения ТС на проезжей части,4
,"КРАСНОАРМЕЙСКИЙ
ул Советская",30.12.2024 в 02:00:00,337205791,Столкновение,0,0,0,3,Официальный сайт Госавтоинспекции,Нарушение требований дорожных знаков,5
,"Хлевенский район А-133 Подъездная дорога от автомобильной дороги М-4 Дон к г. Липецку
А-133 подъездная дорога от автомобильной дороги М-4 ""Дон"" к г. Липецку (0+000 - 55+608)",30.12.2024 в 02:00:00,337202788,Столкновение,4,4,0,5,Официальный сайт Госавтоинспекции,Выезд на полосу встречного движения,5
,"г.Пятигорск
ул Садовая",30.12.2024 в 02:00:00,337170817,Наезд на препятствие,0,0,0,1,Официальный сайт Госавтоинспекции,Несоответствие скорости конкретным условиям движения,5
,"Октябрьский район
Старое шоссе - Бердское шоссе - ул. Большевистская - Красный проспект - пл. им. Калинина - Красный проспект - Мочищенское шоссе",30.12.2024 в 01:40:00,337215404,Наезд на пешехода,0,0,1,1,Официальный сайт Госавтоинспекции,Переход через проезжую часть вне пешеходного перехода в зоне его видимости либо при наличии в непосредственной близости подземного (надземного) пешеходного перехода,5
,"САЛЬСКИЙ Егорлыкская - Сальск
ст. Егорлыкская - г. Сальск",30.12.2024 в 01:40:00,337200359,Столкновение,1,1,0,3,Официальный сайт Госавтоинспекции,Неправильный выбор дистанции,5
,"Радищевский Р-228 Сызрань - Саратов - Волгоград
Р-228 Сызрань - Саратов - Волгоград (17+900 - 47+000)",30.12.2024 в 01:40:00,337198169,Наезд на стоящее ТС,1,1,0,2,Официальный сайт Госавтоинспекции,Неправильный выбор дистанции,5
,"Выборгский район
ул Заречная",30.12.2024 в 01:23:00,337189264,Наезд на пешехода,1,1,1,1,Официальный сайт Госавтоинспекции,Движение вдоль проезжей части попутного направления вне населенного пункта при удовлетворительном состоянии обочины; Несоответствие скорости конкретным условиям движения,5
,"Спасский р-н М-5 Урал Москва - Рязань - Пенза - Самара - Уфа – Челябинск (основное направление)
М-5 ""Урал"" Москва - Рязань - Пенза - Самара - Уфа - Челябинск (160+445 - 1194+766)",30.12.2024 в 01:10:00,337208507,Столкновение,0,0,0,3,Официальный сайт Госавтоинспекции,Неправильный выбор дистанции,5
,"Шебалинский район
ул Советская",30.12.2024 в 00:40:00,337197838,Съезд с дороги,0,0,0,1,Официальный сайт Госавтоинспекции,Выезд на полосу встречного движения,5
,"Красноармейский р-н Р-228 Сызрань - Саратов - Волгоград
Р-228 Сызрань - Саратов - Волгоград (47+000 - 428+295)",30.12.2024 в 00:35:00,337203517,Съезд с дороги,0,0,0,4,Официальный сайт Госавтоинспекции,Нарушение правил расположения ТС на проезжей части,5
,"Нанайский район Хабаровск-Лидога-Ванино с подъездом к г. Комсомольску-на-Амуре на участке 384,855-393,140
А-376 Хабаровск - Лидога - Ванино - Комсомольск-на-Амуре (5+000 - 533+591)",30.12.2024 в 00:25:00,337212467,Съезд с дороги,0,0,0,2,Официальный сайт Госавтоинспекции,Несоответствие скорости конкретным условиям движения,5
,"Можгинский район Р-243, подъезд к г. Ижевск, М-12 «Восток»
Р-243 Кострома - Шарья - Киров - Пермь, подъезд к г. Ижевск, М-12 ""Восток"" (086+546 - 397+364)",30.12.2024 в 00:20:00,337218328,Съезд с дороги,0,0,0,1,Официальный сайт Госавтоинспекции,Несоответствие скорости конкретным условиям движения,5
,"Г.БАТАЙСК
ул Рыбная",30.12.2024 в 00:20:00,337200383,Столкновение,0,0,0,3,Официальный сайт Госавтоинспекции,Несоблюдение очередности проезда,5
,"Кочубеевский район Р-217 Кавказ автомобильная дорога М-4 Дон - Владикавказ - Грозный - Махачкала - граница с Азербайджанской Республикой (основное направление)
Р-217 ""Кавказ"" автомобильная дорога М-4 ""Дон"" - Владикавказ - Грозный - Махачкала - граница с Азербайджанской Республикой (209+400 - 359+448)",30.12.2024 в 00:15:00,337170835,Столкновение,0,0,0,3,Официальный сайт Госавтоинспекции,Неправильный выбор дистанции,5
,"ВЕЛИКОЛУКСКИЙ РАЙОН А-122 Автомобильная дорога А-114 – Устюжна – Крестцы – Яжелбицы – Великие Луки - Невель
А-122 автомобильная дорога А-114 – Устюжна – Крестцы – Яжелбицы – Великие Луки – Невель (553+815 - 664+764)",30.12.2024 в 00:13:00,337185444,Столкновение,0,0,0,2,Официальный сайт Госавтоинспекции,Выезд на полосу встречного движения,5
,"Вологда
ул Ленинградская",30.12.2024 в 00:06:00,337192714,Столкновение,0,0,0,4,Официальный сайт Госавтоинспекции,Неправильный выбор дистанции,5
,"Первомайский район
ул Павла Корчагина",30.12.2024 в 00:05:00,337195406,Столкновение,0,0,0,3,Официальный сайт Госавтоинспекции,Выезд на полосу встречного движения,5
,"Октябрьский округ
ул Академика Книповича",30.12.2024 в 00:05:00,337185094,Столкновение,0,0,0,2,Официальный сайт Госавтоинспекции,Несоблюдение очередности проезда,5
,"Меленковский район Касимов - Муром - Нижний Новгород
Касимов - Муром - Нижний Новгород",30.12.2024 в 00:01:00,337174429,Съезд с дороги,0,0,0,1,Официальный сайт Госавтоинспекции,Несоответствие скорости конкретным условиям движения,5
,Плавский район,29.12.2024 в 23:54:00,337176467,Наезд на пешехода,0,0,1,1,Официальный сайт Госавтоинспекции,Иные нарушения,5
,"Октябрьский
ул Волгоградская",29.12.2024 в 23:45:00,337179383,Наезд на препятствие,0,0,0,1,Официальный сайт Госавтоинспекции,Нарушение правил расположения ТС на проезжей части; Несоответствие скорости конкретным условиям движения,5
,"Первомайский район
ул Карла Либкнехта",29.12.2024 в 23:38:00,337218359,Столкновение,1,1,0,4,Официальный сайт Госавтоинспекции,Выезд на полосу встречного движения,5
,"Советский район
Вознесенская улица",29.12.2024 в 23:12:00,337175270,Столкновение,0,0,0,3,Официальный сайт Госавтоинспекции,Несоблюдение очередности проезда,5
,"Первомайский район
ул Свободы",29.12.2024 в 23:05:00,337195434,Наезд на пешехода,0,0,1,1,Официальный сайт Госавтоинспекции,Переход через проезжую часть вне пешеходного перехода в зоне его видимости либо при наличии в непосредственной близости подземного (надземного) пешеходного перехода,5
,"Баргузинский р-н Улан-Удэ-Турунтаево-Курумкан-Новый Уоян
Улан-Удэ - Турунтаево - Курумкан - Новый Уоян",29.12.2024 в 23:05:00,337193294,Съезд с дороги,0,0,0,2,Официальный сайт Госавтоинспекции,Несоответствие скорости конкретным условиям движения,5
,"Новоторъяльский
ул Центральная",29.12.2024 в 23:00:00,337200088,Наезд на пешехода,0,0,1,1,Официальный сайт Госавтоинспекции,Нахождение на проезжей части без цели её перехода,5
,"Черлакский р-н А-320 Омск - Черлак - граница с Республикой Казахстан
А-320 Омск - Черлак - граница с Республикой Казахстан (13+503 - 191+857)",29.12.2024 в 23:00:00,337184037,Съезд с дороги,0,0,0,1,Официальный сайт Госавтоинспекции,Несоответствие скорости конкретным условиям движения,5
,"Дюртюлинский район Дюртюли-Нефтекамск (Редькино,Новонагаево,Ташкиново)
Дюртюли - Нефтекамск",29.12.2024 в 23:00:00,337181783,Съезд с дороги,0,0,0,1,Официальный сайт Госавтоинспекции,Нарушение правил расположения ТС на проезжей части,5
,"ОКТЯБРЬСКИЙ
ул Молодежная",29.12.2024 в 22:36:00,337194552,Столкновение,0,0,0,4,Официальный сайт Госавтоинспекции,Нарушение требований сигналов светофора,5
,"Дзержинский р-н
пр-кт Ленинградский",29.12.2024 в 22:20:00,337196060,Наезд на пешехода,0,0,1,1,Официальный сайт Госавтоинспекции,Нарушение правил проезда пешеходного перехода,5
,"Орловский р-н М-2 Крым Москва - Тула - Орел - Курск - Белгород - граница с Украиной (основное направление)
М-2 ""Крым"" Москва - Тула - Орел - Курск - Белгород - граница с Украиной (304+300 - 401+770)",29.12.2024 в 22:20:00,337175825,Столкновение,0,0,0,3,Официальный сайт Госавтоинспекции,Выезд на полосу встречного движения,5
,"Ленинск-Кузнецкий городской округ (упразднен с 01.01.2025) Ленинск-Кузнецкий-Новогеоргиевка
Ленинск-Кузнецкий - Новогеоргиевка",29.12.2024 в 22:17:00,337183113,Столкновение,0,0,0,2,Официальный сайт Госавтоинспекции,Выезд на полосу встречного движения,5
,"Сафоновский район Обход г. Сафоново
Обход г. Сафоново",29.12.2024 в 22:15:00,337198619,Наезд на пешехода,0,0,1,1,Официальный сайт Госавтоинспекции,Движение вдоль проезжей части попутного направления вне населенного пункта при удовлетворительном состоянии обочины; Несоответствие скорости конкретным условиям движения,5
,"МО ГО Ухта Подъезд к пгт Ярега от а/д Сыктывкар - Нарьян-Мар
Подъезд к пгт Ярега от автомобильной дороги Сыктывкар - Ухта - Печора - Усинск - Нарьян-Мар",29.12.2024 в 22:13:00,337173325,Столкновение,1,1,0,3,Официальный сайт Госавтоинспекции,Выезд на полосу встречного движения,5
,"Заволжский подъездной путь к мостовому переходу через р.Волгу
Автодорожный мостовой переход через р. Волгу в районе г. Кинешмы",29.12.2024 в 22:00:00,337213407,Опрокидывание,0,0,0,2,Официальный сайт Госавтоинспекции,Несоответствие скорости конкретным условиям движения,5
,"Спасский район Рязань-Спасск-Ижевское
Рязань (от села Шумашь) - Спасск-Рязанский - Ижевское - Лакаш",29.12.2024 в 22:00:00,337175261,Съезд с дороги,0,0,0,1,Официальный сайт Госавтоинспекции,Несоответствие скорости конкретным условиям движения,5
,"Назрановский район Р-217 Кавказ автомобильная дорога М-4 Дон - Владикавказ - Грозный - Махачкала - граница с Азербайджанской Республикой (основное направление)
Р-217 ""Кавказ"" автомобильная дорога М-4 ""Дон"" - Владикавказ - Грозный - Махачкала - граница с Азербайджанской Республикой (563+778 - 602+000)",29.12.2024 в 22:00:00,337168945,Наезд на препятствие,0,0,0,2,Официальный сайт Госавтоинспекции,Нарушение правил расположения ТС на проезжей части,5
,"ТАРАСОВСКИЙ пос. Тарасовский – х. Верхне-Митякин – х. Можаевка
пос. Тарасовский - х. Верхне-Митякин - х. Можаевка",29.12.2024 в 21:50:00,337200425,Съезд с дороги,0,0,0,2,Официальный сайт Госавтоинспекции,Несоответствие скорости конкретным условиям движения,5
,"Суровикинский район
ул Луговая",29.12.2024 в 21:38:00,337199011,Столкновение,0,0,0,2,Официальный сайт Госавтоинспекции,Несоблюдение бокового интервала,5
,"Тейковский Тейково-Гаврилов Посад
Тейково - Гаврилов Посад",29.12.2024 в 21:35:00,337213415,Наезд на стоящее ТС,0,0,1,4,Официальный сайт Госавтоинспекции,Несоответствие скорости конкретным условиям движения,5
,"Кемеровский городской округ
Улица Васильева, от ул. 50 лет Октября до ул. Мичурина",29.12.2024 в 21:35:00,337183077,Наезд на пешехода,0,0,1,1,Официальный сайт Госавтоинспекции,Переход через проезжую часть вне пешеходного перехода в зоне его видимости либо при наличии в непосредственной близости подземного (надземного) пешеходного перехода,5
,"Илишевский район Новые Маты - Рсаево
Новые Маты - Рсаево",29.12.2024 в 21:35:00,337181786,Съезд с дороги,0,0,0,1,Официальный сайт Госавтоинспекции,Нарушение правил расположения ТС на проезжей части,5
,"Выборгский район
пр-кт Луначарского (от Выборгского шоссе до ул Руставели)",29.12.2024 в 21:30:00,337189276,Наезд на пешехода,0,0,1,1,Официальный сайт Госавтоинспекции,Нарушение правил проезда пешеходного перехода; Неподчинение сигналам регулирования,5
,"Октябрьский район г. Уфа
ул Сипайловская",29.12.2024 в 21:30:00,337181799,Наезд на пешехода,0,0,1,1,Официальный сайт Госавтоинспекции,Нарушение правил проезда пешеходного перехода,5
,"Советский район
ул 9 Мая",29.12.2024 в 21:23:00,337211072,Наезд на пешехода,0,0,1,1,Официальный сайт Госавтоинспекции,Неподчинение сигналам регулирования,5
,"Центральный
ул 50 лет Октября",29.12.2024 в 21:20:00,337196920,Столкновение,0,0,0,2,Официальный сайт Госавтоинспекции,Несоблюдение очередности проезда,5
,"Пушкинский район М-11 Нева Москва - Санкт-Петербург (основное направление)
М-11 ""Нева"" Москва - Санкт-Петербург, включая Софийскую транспортную развязку (146+926 - 684+200)",29.12.2024 в 21:03:00,337189268,Наезд на препятствие,0,0,0,2,Официальный сайт Госавтоинспекции,Нарушение правил расположения ТС на проезжей части; Несоответствие скорости конкретным условиям движения,5
,"Калининград
ул Зоологическая",29.12.2024 в 21:00:00,337219546,Наезд на велосипедиста,0,0,0,2,Официальный сайт Госавтоинспекции,Непредоставление преимущества в движении пешеходу,5
,"Кочубеевский район
ул. Гагарина",29.12.2024 в 21:00:00,337170946,Столкновение,0,0,0,6,Официальный сайт Госавтоинспекции,Неправильный выбор дистанции,5
,"Ачитский р-н Р-242 Пермь - Екатеринбург (исключена с 01.11.2023 г.)
Р–242 Пермь – Екатеринбург (160+046 - 187+589)",29.12.2024 в 20:50:00,337209843,Столкновение,0,0,0,8,Официальный сайт Госавтоинспекции,Выезд на полосу встречного движения,5
,"Новоусманский район Р-193 Воронеж - Тамбов
Р-193 Воронеж - Тамбов (10+038 - 105+738)",29.12.2024 в 20:50:00,337169545,Наезд на препятствие,1,1,0,1,Официальный сайт Госавтоинспекции,Нарушение правил расположения ТС на проезжей части,5
,"Жиганский
ул Ойунского",29.12.2024 в 20:30:00,337197585,Наезд на пешехода,0,0,1,1,Официальный сайт Госавтоинспекции,Нарушение правил проезда пешеходного перехода; Нарушение правил расположения ТС на проезжей части,5
,"Каякентский район Р-217 Кавказ автомобильная дорога М-4 Дон - Владикавказ - Грозный - Махачкала - граница с Азербайджанской Республикой (основное направление)
Р-217 ""Кавказ"" автомобильная дорога М-4 ""Дон"" - Владикавказ - Грозный - Махачкала - граница с Азербайджанской Республикой (718+180 - 989+325)",29.12.2024 в 20:30:00,337191062,Столкновение,0,0,0,3,Официальный сайт Госавтоинспекции,"Выезд на полосу встречного движения в местах, где это запрещено",5
,Златоустовский городской округ,29.12.2024 в 20:30:00,337179731,Наезд на пешехода,0,0,2,1,Официальный сайт Госавтоинспекции,Несоответствие скорости конкретным условиям движения,5
,Щелковский р-н,29.12.2024 в 20:24:00,337177640,Съезд с дороги,0,0,0,2,Официальный сайт Госавтоинспекции,Несоответствие скорости конкретным условиям движения,5
,"Балаклавский район Ялта-Севастополь
Ялта - Севастополь",29.12.2024 в 20:20:00,337218147,Наезд на пешехода,0,0,1,1,Официальный сайт Госавтоинспекции,Нарушение правил проезда пешеходного перехода,5
,"Лесной
проезд Промышленный",29.12.2024 в 20:20:00,337209833,Столкновение,0,0,0,2,Официальный сайт Госавтоинспекции,Неправильный выбор дистанции,5
,"Лискинский район
ул Александра Матросова",29.12.2024 в 20:17:00,337169565,Наезд на пешехода,0,0,2,1,Официальный сайт Госавтоинспекции,Нарушение правил проезда пешеходного перехода,5
,"Благодарненский район
ул Однокозова",29.12.2024 в 20:12:00,337170933,Наезд на пешехода,0,0,1,1,Официальный сайт Госавтоинспекции,Нарушение правил проезда пешеходного перехода,5
,"Ленинский АО
ул Новокирпичная",29.12.2024 в 20:10:00,337184022,Наезд на пешехода,0,0,1,1,Официальный сайт Госавтоинспекции,Нарушение правил проезда пешеходного перехода,5
,"Калининский АО г.Тюмени Обход г. Тюмени
Обход г. Тюмени",29.12.2024 в 20:10:00,337167825,Наезд на стоящее ТС,0,0,0,3,Официальный сайт Госавтоинспекции,Несоответствие скорости конкретным условиям движения,5
,"Приморский район
ул Вербная (от ул Маршала Новикова до Афонской ул)",29.12.2024 в 20:05:00,337189272,Наезд на пешехода,0,0,1,1,Официальный сайт Госавтоинспекции,Переход через проезжую часть вне пешеходного перехода в зоне его видимости либо при наличии в непосредственной близости подземного (надземного) пешеходного перехода,5
,"БОКОВСКИЙ подъезд от Обливская-Каргинская к Пономаревка
Подъезд от а/д ""ст Обливская - ст Советская - ст Боковская - ст Каргинская"" к с Пономаревка",29.12.2024 в 20:00:00,337200406,Столкновение,0,0,0,3,Официальный сайт Госавтоинспекции,Несоблюдение бокового интервала,5
,"Советский
ул Лесная",29.12.2024 в 20:00:00,337191673,Падение пассажира,0,0,0,2,Официальный сайт Госавтоинспекции,Несоответствие скорости конкретным условиям движения,5
,"Октябрьский район
ул Московская",29.12.2024 в 19:53:00,337195428,Столкновение,0,0,0,3,Официальный сайт Госавтоинспекции,Неправильный выбор дистанции,5
,"Кольский р-н КОЛА-СЕРЕБРЯНСКАЯ ГЭС
Кола - Серебрянские ГЭС с подъездами (сокращенное наименование - автодорога ""Серебрянка"")",29.12.2024 в 19:50:00,337185104,Столкновение,0,0,0,3,Официальный сайт Госавтоинспекции,Выезд на полосу встречного движения,5
,"Правобережный район Р-217 Кавказ, подъезд к городу Владикавказ
Р-217 ""Кавказ"" автомобильная дорога М-4 ""Дон"" - Владикавказ - Грозный - Махачкала - граница с Азербайджанской Республикой, Подъезд к г.Владикавказ (0+000 - 15+500)",29.12.2024 в 19:45:00,337220088,Столкновение,0,0,0,3,Официальный сайт Госавтоинспекции,"Выезд на полосу встречного движения с разворотом, поворотом налево или объездом препятствия",5
,"г. Дербент
ул Пугина",29.12.2024 в 19:45:00,337191028,Столкновение,0,0,0,3,Официальный сайт Госавтоинспекции,Несоблюдение очередности проезда,5
,"Московский район
проезд без названия (от ул Салова у дома N 59 до автобусного парка)",29.12.2024 в 19:45:00,337189290,Наезд на пешехода,0,0,1,1,Официальный сайт Госавтоинспекции,Нарушение правил проезда пешеходного перехода,5
,"Кировский
ул Первомайская",29.12.2024 в 19:40:00,337209854,Столкновение,0,0,0,2,Официальный сайт Госавтоинспекции,Несоответствие скорости конкретным условиям движения,5
,"Добринский район
ул Воронского",29.12.2024 в 19:40:00,337202816,Столкновение,0,0,0,3,Официальный сайт Госавтоинспекции,Нарушение правил расположения ТС на проезжей части,5
,"ПЕРВОМАЙСКИЙ
Объездная дорога (Днепропетровская - рынок ""Алмаз"")",29.12.2024 в 19:40:00,337200392,Столкновение,0,0,0,3,Официальный сайт Госавтоинспекции,Нарушение правил перестроения,5
,"Центральный
ул Комсомольская",29.12.2024 в 19:40:00,337200101,Столкновение,0,0,0,3,Официальный сайт Госавтоинспекции,Несоблюдение очередности проезда,5
,"КИРОВСКИЙ Томск - Каргала - Колпашево
Томск - Каргала - Колпашево",29.12.2024 в 19:40:00,337197934,Столкновение,1,1,0,6,Официальный сайт Госавтоинспекции,Выезд на полосу встречного движения,5
,"г. Урай
ул Космонавтов",29.12.2024 в 19:40:00,337188462,Столкновение,0,0,0,4,Официальный сайт Госавтоинспекции,Несоблюдение очередности проезда,5
,"Левобережный район
ул Писарева",29.12.2024 в 19:40:00,337169548,Наезд на пешехода,0,0,2,1,Официальный сайт Госавтоинспекции,Нарушение правил проезда пешеходного перехода,5
,"ЯКОВЛЕВСКИЙ РАЙОН
ул 5 Августа",29.12.2024 в 19:33:00,337220655,Наезд на пешехода,0,0,1,1,Официальный сайт Госавтоинспекции,Нарушение требований сигналов светофора,5
,"Гудермесский Р-217 Кавказ автомобильная дорога М-4 Дон - Владикавказ - Грозный - Махачкала - граница с Азербайджанской Республикой (основное направление)
Р-217 ""Кавказ"" автомобильная дорога М-4 ""Дон"" - Владикавказ - Грозный - Махачкала - граница с Азербайджанской Республикой (602+000 - 718+180)",29.12.2024 в 19:30:00,337214352,Наезд на препятствие,0,0,0,2,Официальный сайт Госавтоинспекции,Несоответствие скорости конкретным условиям движения,5
,"Городищенский район Подъезд от а/д Р-22 Каспий а/д М-4 Дон - Тамбов - Волгоград - Астрахань к х. Варламов
ул Пролетарская",29.12.2024 в 19:30:00,337199002,Наезд на пешехода,0,0,1,1,Официальный сайт Госавтоинспекции,Нарушение правил расположения ТС на проезжей части,5
,"Тулунский район
ул Юбилейная",29.12.2024 в 19:30:00,337172209,Наезд на препятствие,0,0,0,2,Официальный сайт Госавтоинспекции,Несоответствие скорости конкретным условиям движения,5
